Semestre,Exposición,Nivel,Clon,Transpiración,Uso eficiente del agua,ALTURA / PLANTA (cm) ,No TOTAL RAMAS,Área de copa (A) =m2,pH,P,K,CICE,CE,%Ar,%L,% Poros,Peso Almendras (gr) 
2015-2,SOL,50,CCN51,"2,4933333333333336","1,206556084767666","243,16666666666663","2,5","5,77509856","4,63","8,32392581375791","0,1692562304","5,769418340061848","0,1855268","26,3","35,2","40,28122605363985","121,142"
2015-2,SOL,50,ICS95,"1,5233333333333332","1,8460295401153208","239,0","2,833333333333333","10,51352148","4,63","8,32392581375791","0,1692562304","5,769418340061848","0,1855268","26,3","35,2","40,28122605363985","64,825"
2015-2,SOL,50,SCC19,"2,57","1,2451361867704285","157,16666666666666","2,6666666666666665","2,8652962799999995","4,63","8,32392581375791","0,1692562304","5,769418340061848","0,1855268","26,3","35,2","40,28122605363985","74,94749999999998"
2015-2,SOL,50,SCC52,"2,393333333333333","1,217623735224317","188,16666666666663","2,5","5,74412762","4,63","8,32392581375791","0,1692562304","5,769418340061848","0,1855268","26,3","35,2","40,28122605363985","91,99"
2015-2,SOL,50,SCC61,"2,276666666666667","1,6248605167727062","198,66666666666663","2,6666666666666665","5,70792068","4,63","8,32392581375791","0,1692562304","5,769418340061848","0,1855268","26,3","35,2","40,28122605363985","121,875"
2015-2,SOL,50,SCC64,"2,246","1,7989161472933404","208,0","2,833333333333333","5,393001460000002","4,63","8,32392581375791","0,1692562304","5,769418340061848","0,1855268","26,3","35,2","40,28122605363985","78,39347826086956"
2015-2,SOL,50,SCC83,"3,043333333333333","1,4555577593439128","209,0","2,333333333333333","5,57982194","4,63","8,32392581375791","0,1692562304","5,769418340061848","0,1855268","26,3","35,2","40,28122605363985","89,88799999999998"
2015-2,SOL,50,TSH565,"1,413333333333333","2,396228736657541","191,83333333333331","2,6666666666666665","6,254716160000001","4,63","8,32392581375791","0,1692562304","5,769418340061848","0,1855268","26,3","35,2","40,28122605363985","106,052962962963"
2016-1,SOL,50,CCN51,"2,13","2,0927028620866217","251,625","2,375","8,039334765","4,63","8,32392581375791","0,1692562304","5,769418340061848","0,1855268","26,3","35,2","40,28122605363985","125,52833333333332"
2016-1,SOL,50,EET8,"1,9533333333333327","1,8800144997136656","225,33333333333331","2,1666666666666665","6,2955831400000015","4,63","8,32392581375791","0,1692562304","5,769418340061848","0,1855268","26,3","35,2","40,28122605363985","70,13199999999999"
2016-1,SOL,50,ICS95,"1,6466666666666665","2,461591807909605","257,5","2,4","10,090913448","4,63","8,32392581375791","0,1692562304","5,769418340061848","0,1855268","26,3","35,2","40,28122605363985","59,77666666666667"
2016-1,SOL,50,SCC64,"1,906","0,9404702533830641","225,33333333333331","2,333333333333333","5,852565179999999","4,63","8,32392581375791","0,1692562304","5,769418340061848","0,1855268","26,3","35,2","40,28122605363985","55,935"
2016-1,SOL,50,SCC83,"2,01","1,65019369112726","206,5","2,1666666666666665","7,71702624","4,63","8,32392581375791","0,1692562304","5,769418340061848","0,1855268","26,3","35,2","40,28122605363985","53,14"
2016-1,SOL,50,TSH565,"1,9566666666666663","1,3174310844219368","193,8","2,5","4,924238088","4,63","8,32392581375791","0,1692562304","5,769418340061848","0,1855268","26,3","35,2","40,28122605363985","80,36"
2016-2,SOL,50,CCN51,"2,13","2,0927028620866217","267,5","2,1666666666666665","7,94437336","4,63","8,32392581375791","0,1692562304","5,769418340061848","0,1855268","26,3","35,2","40,28122605363985","179,46230769230766"
2016-2,SOL,50,EET8,"1,9533333333333327","1,8800144997136656","254,16666666666663","2,1666666666666665","7,860911519999998","4,63","8,32392581375791","0,1692562304","5,769418340061848","0,1855268","26,3","35,2","40,28122605363985","169,5725"
2016-2,SOL,50,ICS1,"1,9433333333333331","2,060258145363408","213,83333333333331","2,1666666666666665","4,412301278","4,63","8,32392581375791","0,1692562304","5,769418340061848","0,1855268","26,3","35,2","40,28122605363985","154,67"
2016-2,SOL,50,ICS95,"1,6466666666666665","2,461591807909605","287,3333333333333","2,1666666666666665","12,22676686","4,63","8,32392581375791","0,1692562304","5,769418340061848","0,1855268","26,3","35,2","40,28122605363985","68,9484"
2016-2,SOL,50,SCC19,"1,55","2,0516129032258066","203,5","2,1666666666666665","4,691586900000001","4,63","8,32392581375791","0,1692562304","5,769418340061848","0,1855268","26,3","35,2","40,28122605363985","170,4475"
2016-2,SOL,50,SCC52,"1,3033333333333337","1,2329698361508479","237,33333333333331","2,1666666666666665","7,99058106","4,63","8,32392581375791","0,1692562304","5,769418340061848","0,1855268","26,3","35,2","40,28122605363985","154,22"
2016-2,SOL,50,SCC61,"2,15","1,5122287195062063","248,16666666666663","2,1666666666666665","7,726791379999999","4,63","8,32392581375791","0,1692562304","5,769418340061848","0,1855268","26,3","35,2","40,28122605363985","208,03272727272724"
2016-2,SOL,50,SCC64,"1,906","0,9404702533830641","241,83333333333331","2,0","6,631001300000001","4,63","8,32392581375791","0,1692562304","5,769418340061848","0,1855268","26,3","35,2","40,28122605363985","110,02777777777777"
2016-2,SOL,50,SCC83,"2,01","1,65019369112726","232,16666666666663","2,0","7,483395919999999","4,63","8,32392581375791","0,1692562304","5,769418340061848","0,1855268","26,3","35,2","40,28122605363985","94,47571428571429"
2016-2,SOL,50,TSH565,"1,9566666666666663","1,3174310844219368","232,16666666666663","1,8333333333333333","8,68864458","4,63","8,32392581375791","0,1692562304","5,769418340061848","0,1855268","26,3","35,2","40,28122605363985","142,83555555555554"
2017-1,SOL,50,CCN51,"3,08936288108715","3,200230438850497","275,6666666666667","2,0","10,659134639999998","4,63","8,32392581375791","0,1692562304","5,769418340061848","0,1855268","26,3","35,2","40,28122605363985","195,4813333333333"
2017-1,SOL,50,EET8,"2,9442015504691614","3,3881599860794758","262,0","2,333333333333333","9,51650854","4,63","8,32392581375791","0,1692562304","5,769418340061848","0,1855268","26,3","35,2","40,28122605363985","176,43"
2017-1,SOL,50,ICS1,"3,2871139734608668","2,884565050662846","232,0","2,333333333333333","7,99128792","4,63","8,32392581375791","0,1692562304","5,769418340061848","0,1855268","26,3","35,2","40,28122605363985","125,62833333333332"
2017-1,SOL,50,ICS95,"3,1612035353707064","3,4793333863347167","280,6666666666667","2,0","14,33823622","4,63","8,32392581375791","0,1692562304","5,769418340061848","0,1855268","26,3","35,2","40,28122605363985","75,98125000000002"
2017-1,SOL,50,SCC19,"1,9997595838217288","3,530049699771704","221,66666666666663","2,0","7,08394148","4,63","8,32392581375791","0,1692562304","5,769418340061848","0,1855268","26,3","35,2","40,28122605363985","128,8521739130435"
2017-1,SOL,50,SCC52,"2,7645790204326475","3,037772938329772","256,0","2,0","10,68761848","4,63","8,32392581375791","0,1692562304","5,769418340061848","0,1855268","26,3","35,2","40,28122605363985","171,885"
2017-1,SOL,50,SCC61,"3,795155317999073","3,0825461799721765","261,3333333333333","2,1666666666666665","10,23182468","4,63","8,32392581375791","0,1692562304","5,769418340061848","0,1855268","26,3","35,2","40,28122605363985","182,73538461538465"
2017-1,SOL,50,SCC64,"2,5794550439401673","3,4929117378537917","252,5","2,0","8,78171448","4,63","8,32392581375791","0,1692562304","5,769418340061848","0,1855268","26,3","35,2","40,28122605363985","90,84769230769231"
2017-1,SOL,50,SCC83,"3,9876247882776914","3,1246052430415423","251,16666666666663","2,0","9,30814192","4,63","8,32392581375791","0,1692562304","5,769418340061848","0,1855268","26,3","35,2","40,28122605363985","92,125"
2017-1,SOL,50,TSH565,"3,179602911802165","3,220326838379082","233,33333333333331","2,0","8,500881620000001","4,63","8,32392581375791","0,1692562304","5,769418340061848","0,1855268","26,3","35,2","40,28122605363985","168,61526315789473"
2017-2,SOL,50,SCC19,"1,9997595838217288","3,530049699771704","232,33333333333331","2,1666666666666665","8,314139680000002","4,63","8,32392581375791","0,1692562304","5,769418340061848","0,1855268","26,3","35,2","40,28122605363985","84,7"
2017-2,SOL,50,SCC64,"2,5794550439401673","3,4929117378537917","239,66666666666663","1,8333333333333333","8,39257496","4,63","8,32392581375791","0,1692562304","5,769418340061848","0,1855268","26,3","35,2","40,28122605363985","122,425"
2017-2,SOL,50,SCC83,"3,9876247882776914","3,1246052430415423","261,1666666666667","2,0","11,634077839999998","4,63","8,32392581375791","0,1692562304","5,769418340061848","0,1855268","26,3","35,2","40,28122605363985","170,74"
2015-2,SOL,100,CCN51,"1,1333333333333335","2,9374106992052518","229,66666666666663","2,5","5,523037519999999","4,967999999999999","8,716885251526053","0,1898422056","4,588017158748691","0,18081352","25,2","40,7","37,912663494058854","171,09124999999997"
2015-2,SOL,100,ICS95,"1,843333333333333","2,04537071305206","220,33333333333331","2,6666666666666665","5,47968344","4,967999999999999","8,716885251526053","0,1898422056","4,588017158748691","0,18081352","25,2","40,7","37,912663494058854","31,27"
2015-2,SOL,100,SCC19,"1,57","2,5418557327317006","181,5","2,5","3,5760571000000003","4,967999999999999","8,716885251526053","0,1898422056","4,588017158748691","0,18081352","25,2","40,7","37,912663494058854","87,86749999999998"
2015-2,SOL,100,SCC52,"2,1","1,7093705453731216","208,5","2,833333333333333","5,78949756","4,967999999999999","8,716885251526053","0,1898422056","4,588017158748691","0,18081352","25,2","40,7","37,912663494058854","94,35799999999999"
2015-2,SOL,100,SCC61,"1,45","1,5039772727272729","194,66666666666663","2,1666666666666665","4,43499672","4,967999999999999","8,716885251526053","0,1898422056","4,588017158748691","0,18081352","25,2","40,7","37,912663494058854","140,67285714285714"
2015-2,SOL,100,SCC64,"2,0900000000000003","1,7032279524407758","233,16666666666663","2,5","6,303620400000001","4,967999999999999","8,716885251526053","0,1898422056","4,588017158748691","0,18081352","25,2","40,7","37,912663494058854","59,084285714285706"
2015-2,SOL,100,SCC83,"1,4966666666666668","1,8467535959134287","188,83333333333331","2,333333333333333","4,5963964200000005","4,967999999999999","8,716885251526053","0,1898422056","4,588017158748691","0,18081352","25,2","40,7","37,912663494058854","69,00500000000001"
2015-2,SOL,100,TSH565,"1,57","3,2265861707800965","182,5","2,5","4,29058784","4,967999999999999","8,716885251526053","0,1898422056","4,588017158748691","0,18081352","25,2","40,7","37,912663494058854","91,5756"
2016-1,SOL,100,CCN51,"1,8633333333333333","1,8365267236346263","241,66666666666663","2,5","6,80473178","4,967999999999999","8,716885251526053","0,1898422056","4,588017158748691","0,18081352","25,2","40,7","37,912663494058854","153,24"
2016-1,SOL,100,SCC52,"1,5766666666666669","1,7410140679053043","226,33333333333331","2,6666666666666665","6,61589544","4,967999999999999","8,716885251526053","0,1898422056","4,588017158748691","0,18081352","25,2","40,7","37,912663494058854","55,93"
2016-1,SOL,100,SCC61,"2,2133333333333334","1,5857199442938783","209,66666666666663","2,1666666666666665","5,6240399599999975","4,967999999999999","8,716885251526053","0,1898422056","4,588017158748691","0,18081352","25,2","40,7","37,912663494058854","92,0"
2016-1,SOL,100,SCC83,"1,7933333333333332","2,1845105678106416","202,0","2,333333333333333","5,25409038","4,967999999999999","8,716885251526053","0,1898422056","4,588017158748691","0,18081352","25,2","40,7","37,912663494058854","55,64923076923078"
2016-1,SOL,100,TSH565,"2,14","2,342978320654309","195,83333333333331","2,5","5,20767324","4,967999999999999","8,716885251526053","0,1898422056","4,588017158748691","0,18081352","25,2","40,7","37,912663494058854","88,01"
2016-2,SOL,100,CCN51,"1,8633333333333333","1,8365267236346263","273,1666666666667","2,333333333333333","9,04589686","4,967999999999999","8,716885251526053","0,1898422056","4,588017158748691","0,18081352","25,2","40,7","37,912663494058854","197,86066666666667"
2016-2,SOL,100,SCC19,"1,7266666666666666","1,586718398560504","206,0","2,0","5,370355759999999","4,967999999999999","8,716885251526053","0,1898422056","4,588017158748691","0,18081352","25,2","40,7","37,912663494058854","151,11214285714286"
2016-2,SOL,100,SCC52,"1,5766666666666669","1,7410140679053043","250,83333333333331","2,5","7,63201978","4,967999999999999","8,716885251526053","0,1898422056","4,588017158748691","0,18081352","25,2","40,7","37,912663494058854","135,42"
2016-2,SOL,100,SCC61,"2,2133333333333334","1,5857199442938783","226,66666666666663","2,0","6,1827997","4,967999999999999","8,716885251526053","0,1898422056","4,588017158748691","0,18081352","25,2","40,7","37,912663494058854","214,44"
2016-2,SOL,100,SCC64,"2,18","2,2916867076022296","256,8333333333333","2,1666666666666665","7,1863838200000005","4,967999999999999","8,716885251526053","0,1898422056","4,588017158748691","0,18081352","25,2","40,7","37,912663494058854","97,52199999999998"
2016-2,SOL,100,SCC83,"1,7933333333333332","2,1845105678106416","221,33333333333331","2,0","5,63574242","4,967999999999999","8,716885251526053","0,1898422056","4,588017158748691","0,18081352","25,2","40,7","37,912663494058854","92,11"
2016-2,SOL,100,TSH565,"2,14","2,342978320654309","222,16666666666663","2,1666666666666665","6,95623544","4,967999999999999","8,716885251526053","0,1898422056","4,588017158748691","0,18081352","25,2","40,7","37,912663494058854","145,57285714285715"
2017-1,SOL,100,CCN51,"3,3158572241548616","3,241759690979276","281,6666666666667","2,333333333333333","10,77867252","4,967999999999999","8,716885251526053","0,1898422056","4,588017158748691","0,18081352","25,2","40,7","37,912663494058854","171,60588235294114"
2017-1,SOL,100,EET8,"4,001530456980325","3,141292161171989","244,33333333333331","2,0","7,2611015399999985","4,967999999999999","8,716885251526053","0,1898422056","4,588017158748691","0,18081352","25,2","40,7","37,912663494058854","210,85"
2017-1,SOL,100,ICS1,"3,4388284877486384","3,3770250375144304","244,83333333333331","2,1666666666666665","7,937723639999999","4,967999999999999","8,716885251526053","0,1898422056","4,588017158748691","0,18081352","25,2","40,7","37,912663494058854","291,2"
2017-1,SOL,100,ICS95,"2,6898439118201356","3,859236339304061","283,0","2,1666666666666665","11,3185303","4,967999999999999","8,716885251526053","0,1898422056","4,588017158748691","0,18081352","25,2","40,7","37,912663494058854","76,62959999999998"
2017-1,SOL,100,SCC19,"2,6939220963021566","3,5231446196708767","235,66666666666663","2,0","7,852481560000001","4,967999999999999","8,716885251526053","0,1898422056","4,588017158748691","0,18081352","25,2","40,7","37,912663494058854","134,00666666666663"
2017-1,SOL,100,SCC52,"3,426345396637935","3,2853738717394734","272,3333333333333","2,1666666666666665","10,62769246","4,967999999999999","8,716885251526053","0,1898422056","4,588017158748691","0,18081352","25,2","40,7","37,912663494058854","168,46"
2017-1,SOL,100,SCC61,"3,005058116135491","3,5203768716545425","233,66666666666663","2,1666666666666665","8,547377299999999","4,967999999999999","8,716885251526053","0,1898422056","4,588017158748691","0,18081352","25,2","40,7","37,912663494058854","177,87714285714284"
2017-1,SOL,100,SCC64,"2,8346159679552088","3,848898551662438","256,3333333333333","2,0","8,35956198","4,967999999999999","8,716885251526053","0,1898422056","4,588017158748691","0,18081352","25,2","40,7","37,912663494058854","69,32"
2017-1,SOL,100,SCC83,"4,264586315305755","2,9605054630186944","242,83333333333331","1,8333333333333333","7,2528810199999985","4,967999999999999","8,716885251526053","0,1898422056","4,588017158748691","0,18081352","25,2","40,7","37,912663494058854","87,30999999999997"
2017-1,SOL,100,TSH565,"3,8697526156199817","2,9095577457321737","222,33333333333331","2,0","9,22174792","4,967999999999999","8,716885251526053","0,1898422056","4,588017158748691","0,18081352","25,2","40,7","37,912663494058854","129,928"
2017-2,SOL,100,ICS1,"3,4388284877486384","3,3770250375144304","258,8333333333333","2,333333333333333","11,61177248","4,967999999999999","8,716885251526053","0,1898422056","4,588017158748691","0,18081352","25,2","40,7","37,912663494058854","221,85"
2017-2,SOL,100,SCC19,"2,6939220963021566","3,5231446196708767","254,16666666666663","2,1666666666666665","9,44189554","4,967999999999999","8,716885251526053","0,1898422056","4,588017158748691","0,18081352","25,2","40,7","37,912663494058854","99,31"
2015-2,SOL,150,CCN51,"1,7533333333333332","1,6582683692827649","210,16666666666663","2,6666666666666665","5,64914658","4,916","7,998345513559793","0,2209251704","5,35349549887534","0,20412648","27,0","31,0","42,87565186408835","140,73538461538462"
2015-2,SOL,150,ICS95,"1,586666666666667","1,22654756062187","243,0","2,0","7,29175832","4,916","7,998345513559793","0,2209251704","5,35349549887534","0,20412648","27,0","31,0","42,87565186408835","67,63666666666667"
2015-2,SOL,150,SCC19,"3,17","0,5781200063918186","205,33333333333331","2,5","4,9368411399999985","4,916","7,998345513559793","0,2209251704","5,35349549887534","0,20412648","27,0","31,0","42,87565186408835","73,95"
2015-2,SOL,150,SCC52,"2,3666666666666667","1,925911277517036","186,66666666666663","2,5","3,47871986","4,916","7,998345513559793","0,2209251704","5,35349549887534","0,20412648","27,0","31,0","42,87565186408835","119,148"
2015-2,SOL,150,SCC61,"1,923333333333333","1,4720165330553243","208,66666666666663","2,833333333333333","5,52138818","4,916","7,998345513559793","0,2209251704","5,35349549887534","0,20412648","27,0","31,0","42,87565186408835","122,88"
2015-2,SOL,150,SCC64,"1,825","1,8803982077442487","234,66666666666663","2,6666666666666665","7,496250299999999","4,916","7,998345513559793","0,2209251704","5,35349549887534","0,20412648","27,0","31,0","42,87565186408835","66,50702702702704"
2015-2,SOL,150,SCC83,"2,0866666666666664","2,0624089558056693","203,33333333333331","2,0","3,80452996","4,916","7,998345513559793","0,2209251704","5,35349549887534","0,20412648","27,0","31,0","42,87565186408835","29,2"
2015-2,SOL,150,TSH565,"2,7","2,0766917594930443","207,16666666666663","2,1666666666666665","4,706064440000001","4,916","7,998345513559793","0,2209251704","5,35349549887534","0,20412648","27,0","31,0","42,87565186408835","105,20681818181816"
2016-1,SOL,150,ICS1,"1,856666666666667","1,940629370629371","206,5","2,0","3,659964","4,916","7,998345513559793","0,2209251704","5,35349549887534","0,20412648","27,0","31,0","42,87565186408835","74,33333333333333"
2016-1,SOL,150,ICS95,"1,9633333333333327","2,0287603400705305","220,0","2,0","6,623278200000001","4,916","7,998345513559793","0,2209251704","5,35349549887534","0,20412648","27,0","31,0","42,87565186408835","54,60833333333335"
2016-1,SOL,150,SCC19,"1,4533333333333331","3,147046191751715","220,16666666666663","2,333333333333333","6,314642179999999","4,916","7,998345513559793","0,2209251704","5,35349549887534","0,20412648","27,0","31,0","42,87565186408835","73,69000000000003"
2016-1,SOL,150,SCC52,"1,5266666666666666","3,773047861622727","217,33333333333331","2,333333333333333","7,29945524","4,916","7,998345513559793","0,2209251704","5,35349549887534","0,20412648","27,0","31,0","42,87565186408835","117,0"
2016-1,SOL,150,SCC61,"2,183333333333333","2,145693220136526","194,0","2,6666666666666665","7,230078240000001","4,916","7,998345513559793","0,2209251704","5,35349549887534","0,20412648","27,0","31,0","42,87565186408835","52,0"
2016-1,SOL,150,SCC64,"2,186666666666667","2,9441515584643536","256,5","2,5","10,06678596","4,916","7,998345513559793","0,2209251704","5,35349549887534","0,20412648","27,0","31,0","42,87565186408835","82,73666666666666"
2016-1,SOL,150,SCC83,"2,11","3,0092288358500405","223,66666666666663","2,1666666666666665","6,43747874","4,916","7,998345513559793","0,2209251704","5,35349549887534","0,20412648","27,0","31,0","42,87565186408835","57,10333333333333"
2016-2,SOL,150,CCN51,"1,88","2,4459890690672634","260,8333333333333","2,333333333333333","8,431007199999998","4,916","7,998345513559793","0,2209251704","5,35349549887534","0,20412648","27,0","31,0","42,87565186408835","197,1842857142857"
2016-2,SOL,150,EET8,"1,7133333333333336","2,2679806160919376","255,83333333333331","2,1666666666666665","7,71987986","4,916","7,998345513559793","0,2209251704","5,35349549887534","0,20412648","27,0","31,0","42,87565186408835","164,88"
2016-2,SOL,150,ICS1,"1,856666666666667","1,940629370629371","230,66666666666663","2,333333333333333","5,02860204","4,916","7,998345513559793","0,2209251704","5,35349549887534","0,20412648","27,0","31,0","42,87565186408835","120,5275"
2016-2,SOL,150,SCC19,"1,4533333333333331","3,147046191751715","252,16666666666663","2,0","6,92515978","4,916","7,998345513559793","0,2209251704","5,35349549887534","0,20412648","27,0","31,0","42,87565186408835","150,15"
2016-2,SOL,150,SCC52,"1,5266666666666666","3,773047861622727","250,33333333333331","2,0","7,390299840000001","4,916","7,998345513559793","0,2209251704","5,35349549887534","0,20412648","27,0","31,0","42,87565186408835","182,675"
2016-2,SOL,150,SCC61,"2,183333333333333","2,145693220136526","244,5","2,1666666666666665","8,185281719999999","4,916","7,998345513559793","0,2209251704","5,35349549887534","0,20412648","27,0","31,0","42,87565186408835","188,8675"
2016-2,SOL,150,SCC64,"2,186666666666667","2,9441515584643536","277,5","2,0","7,3718167600000015","4,916","7,998345513559793","0,2209251704","5,35349549887534","0,20412648","27,0","31,0","42,87565186408835","91,69642857142857"
2016-2,SOL,150,SCC83,"2,11","3,0092288358500405","256,6666666666667","2,0","7,876802780000001","4,916","7,998345513559793","0,2209251704","5,35349549887534","0,20412648","27,0","31,0","42,87565186408835","66,73125"
2016-2,SOL,150,TSH565,"2,02","1,6671402112775493","209,33333333333331","2,0","5,15803596","4,916","7,998345513559793","0,2209251704","5,35349549887534","0,20412648","27,0","31,0","42,87565186408835","156,50799999999995"
2017-1,SOL,150,CCN51,"2,7004508177636968","3,2579626097213685","274,1666666666667","2,333333333333333","9,78179048","4,916","7,998345513559793","0,2209251704","5,35349549887534","0,20412648","27,0","31,0","42,87565186408835","188,71375000000003"
2017-1,SOL,150,EET8,"2,7296752221374447","3,2809733468465216","262,8333333333333","2,0","9,69817156","4,916","7,998345513559793","0,2209251704","5,35349549887534","0,20412648","27,0","31,0","42,87565186408835","170,055"
2017-1,SOL,150,ICS1,"3,041606717130891","3,3725369010224724","250,0","2,1666666666666665","6,78525386","4,916","7,998345513559793","0,2209251704","5,35349549887534","0,20412648","27,0","31,0","42,87565186408835","164,45800000000003"
2017-1,SOL,150,ICS95,"2,4312775008573198","3,6507516060142247","282,5","1,6666666666666667","11,26687716","4,916","7,998345513559793","0,2209251704","5,35349549887534","0,20412648","27,0","31,0","42,87565186408835","87,5557142857143"
2017-1,SOL,150,SCC19,"2,530704069117856","3,478026017368641","264,5","2,0","9,2322461","4,916","7,998345513559793","0,2209251704","5,35349549887534","0,20412648","27,0","31,0","42,87565186408835","139,97833333333332"
2017-1,SOL,150,SCC52,"2,855678715051332","3,6267815983409033","267,3333333333333","2,0","10,79652728","4,916","7,998345513559793","0,2209251704","5,35349549887534","0,20412648","27,0","31,0","42,87565186408835","168,67000000000004"
2017-1,SOL,150,SCC61,"3,1911896061714926","3,387588705314982","255,0","2,5","10,35277628","4,916","7,998345513559793","0,2209251704","5,35349549887534","0,20412648","27,0","31,0","42,87565186408835","172,71846153846158"
2017-1,SOL,150,SCC64,"3,7466741282736065","3,391582998530088","287,1666666666667","2,0","10,35816936","4,916","7,998345513559793","0,2209251704","5,35349549887534","0,20412648","27,0","31,0","42,87565186408835","109,13049999999998"
2017-1,SOL,150,SCC83,"3,5920347049814207","2,809777447529425","259,3333333333333","1,8333333333333333","8,87740238","4,916","7,998345513559793","0,2209251704","5,35349549887534","0,20412648","27,0","31,0","42,87565186408835","85,583125"
2017-1,SOL,150,TSH565,"3,5766067582518155","2,567676569946736","211,66666666666663","2,333333333333333","6,5262027599999985","4,916","7,998345513559793","0,2209251704","5,35349549887534","0,20412648","27,0","31,0","42,87565186408835","136,94666666666666"
2017-2,SOL,150,SCC19,"2,530704069117856","3,478026017368641","268,3333333333333","2,5","11,84233974","4,916","7,998345513559793","0,2209251704","5,35349549887534","0,20412648","27,0","31,0","42,87565186408835","176,45"
2017-2,SOL,150,SCC64,"3,7466741282736065","3,391582998530088","283,3333333333333","2,333333333333333","12,14919552","4,916","7,998345513559793","0,2209251704","5,35349549887534","0,20412648","27,0","31,0","42,87565186408835","86,2025"
2017-2,SOL,150,TSH565,"3,5766067582518155","2,567676569946736","216,16666666666663","2,5","7,957280100000001","4,916","7,998345513559793","0,2209251704","5,35349549887534","0,20412648","27,0","31,0","42,87565186408835","169,76"
2015-2,SOMBRA,50,CCN51,"1,8333333333333333","2,233253837933641","252,66666666666663","2,0","10,00890198","5,284000000000002","13,156162191974401","0,1462426184","5,763477450213026","0,16319663999999995","28,3","23,2","43,672464613092345","145,11333333333334"
2015-2,SOMBRA,50,ICS95,"1,4466666666666663","1,2917632570269488","277,1666666666667","2,333333333333333","15,680851339999998","5,284000000000002","13,156162191974401","0,1462426184","5,763477450213026","0,16319663999999995","28,3","23,2","43,672464613092345","80,775"
2015-2,SOMBRA,50,SCC19,"0,67","1,1343283582089552","266,0","2,1666666666666665","8,547220219999998","5,284000000000002","13,156162191974401","0,1462426184","5,763477450213026","0,16319663999999995","28,3","23,2","43,672464613092345","115,2275"
2015-2,SOMBRA,50,SCC52,"1,18","1,3554501387570663","261,0","2,6666666666666665","10,5751492","5,284000000000002","13,156162191974401","0,1462426184","5,763477450213026","0,16319663999999995","28,3","23,2","43,672464613092345","108,505"
2015-2,SOMBRA,50,SCC61,"1,336666666666667","2,8447527558352297","250,6","3,0","8,982525552","5,284000000000002","13,156162191974401","0,1462426184","5,763477450213026","0,16319663999999995","28,3","23,2","43,672464613092345","129,3657142857143"
2015-2,SOMBRA,50,SCC64,"1,4659999999999995","1,472523093572788","256,1666666666667","2,333333333333333","8,89659232","5,284000000000002","13,156162191974401","0,1462426184","5,763477450213026","0,16319663999999995","28,3","23,2","43,672464613092345","67,90055555555553"
2015-2,SOMBRA,50,SCC83,"1,5","2,1600179681840843","249,0","2,5","10,511531800000002","5,284000000000002","13,156162191974401","0,1462426184","5,763477450213026","0,16319663999999995","28,3","23,2","43,672464613092345","93,26333333333334"
2015-2,SOMBRA,50,TSH565,"1,1133333333333333","1,949448058793409","208,83333333333331","2,1666666666666665","6,84002242","5,284000000000002","13,156162191974401","0,1462426184","5,763477450213026","0,16319663999999995","28,3","23,2","43,672464613092345","97,55428571428571"
2016-1,SOMBRA,50,SCC52,"0,6166666666666667","2,249340831376427","282,6666666666667","2,5","12,53634536","5,284000000000002","13,156162191974401","0,1462426184","5,763477450213026","0,16319663999999995","28,3","23,2","43,672464613092345","71,232"
2016-1,SOMBRA,50,SCC64,"1,186","2,7293794307654733","280,5","2,1666666666666665","13,41426548","5,284000000000002","13,156162191974401","0,1462426184","5,763477450213026","0,16319663999999995","28,3","23,2","43,672464613092345","37,795"
2016-1,SOMBRA,50,TSH565,"1,0933333333333333","2,1052440676334485","222,33333333333331","2,0","7,8134733600000015","5,284000000000002","13,156162191974401","0,1462426184","5,763477450213026","0,16319663999999995","28,3","23,2","43,672464613092345","74,34833333333334"
2016-2,SOMBRA,50,CCN51,"1,3500000000000003","1,733465691396726","281,5","2,0","10,87878484","5,284000000000002","13,156162191974401","0,1462426184","5,763477450213026","0,16319663999999995","28,3","23,2","43,672464613092345","126,4575"
2016-2,SOMBRA,50,EET8,"1,7000000000000002","2,0654640182351023","285,8333333333333","2,0","14,33430922","5,284000000000002","13,156162191974401","0,1462426184","5,763477450213026","0,16319663999999995","28,3","23,2","43,672464613092345","125,4"
2016-2,SOMBRA,50,ICS1,"0,7666666666666666","1,8871541330557728","297,6666666666667","2,1666666666666665","11,408668039999995","5,284000000000002","13,156162191974401","0,1462426184","5,763477450213026","0,16319663999999995","28,3","23,2","43,672464613092345","122,17272727272726"
2016-2,SOMBRA,50,ICS95,"0,6666666666666666","2,0232642517125274","283,6666666666667","2,0","15,126254219999998","5,284000000000002","13,156162191974401","0,1462426184","5,763477450213026","0,16319663999999995","28,3","23,2","43,672464613092345","96,02"
2016-2,SOMBRA,50,SCC19,"0,97","1,443298969072165","277,5","2,0","10,25166912","5,284000000000002","13,156162191974401","0,1462426184","5,763477450213026","0,16319663999999995","28,3","23,2","43,672464613092345","114,34833333333336"
2016-2,SOMBRA,50,SCC52,"0,6166666666666667","2,249340831376427","277,0","2,0","12,29606532","5,284000000000002","13,156162191974401","0,1462426184","5,763477450213026","0,16319663999999995","28,3","23,2","43,672464613092345","115,73"
2016-2,SOMBRA,50,SCC61,"1,096666666666667","1,513287638287638","281,4","2,0","11,381734055999999","5,284000000000002","13,156162191974401","0,1462426184","5,763477450213026","0,16319663999999995","28,3","23,2","43,672464613092345","192,6875"
2016-2,SOMBRA,50,SCC64,"1,186","2,7293794307654733","277,8333333333333","1,8333333333333333","11,29033444","5,284000000000002","13,156162191974401","0,1462426184","5,763477450213026","0,16319663999999995","28,3","23,2","43,672464613092345","92,18625"
2016-2,SOMBRA,50,SCC83,"1,25","1,5169263924087353","267,3333333333333","2,0","10,98546834","5,284000000000002","13,156162191974401","0,1462426184","5,763477450213026","0,16319663999999995","28,3","23,2","43,672464613092345","72,12375"
2016-2,SOMBRA,50,TSH565,"1,0933333333333333","2,1052440676334485","232,83333333333331","2,0","8,52986288","5,284000000000002","13,156162191974401","0,1462426184","5,763477450213026","0,16319663999999995","28,3","23,2","43,672464613092345","131,17333333333332"
2017-1,SOMBRA,50,CCN51,"2,1164500962255324","3,903560077893336","270,0","2,0","10,49781348","5,284000000000002","13,156162191974401","0,1462426184","5,763477450213026","0,16319663999999995","28,3","23,2","43,672464613092345","163,4"
2017-1,SOMBRA,50,EET8,"1,7682471708713872","4,6232017109849215","264,0","2,1666666666666665","13,08125588","5,284000000000002","13,156162191974401","0,1462426184","5,763477450213026","0,16319663999999995","28,3","23,2","43,672464613092345","221,92"
2017-1,SOMBRA,50,ICS95,"2,3172552822419434","4,386488010428415","287,0","1,6666666666666667","14,115732399999999","5,284000000000002","13,156162191974401","0,1462426184","5,763477450213026","0,16319663999999995","28,3","23,2","43,672464613092345","123,085"
2017-1,SOMBRA,50,SCC19,"2,004644440195881","4,724390199653049","276,6666666666667","2,1666666666666665","10,900409519999998","5,284000000000002","13,156162191974401","0,1462426184","5,763477450213026","0,16319663999999995","28,3","23,2","43,672464613092345","156,34333333333333"
2017-1,SOMBRA,50,SCC52,"1,4994525608859135","4,447879718739428","277,3333333333333","2,1666666666666665","11,866660960000004","5,284000000000002","13,156162191974401","0,1462426184","5,763477450213026","0,16319663999999995","28,3","23,2","43,672464613092345","123,89333333333332"
2017-1,SOMBRA,50,SCC61,"2,2544419285820445","4,146859472906623","275,0","2,6","10,361562288","5,284000000000002","13,156162191974401","0,1462426184","5,763477450213026","0,16319663999999995","28,3","23,2","43,672464613092345","248,37"
2017-1,SOMBRA,50,SCC64,"1,7721240899072943","4,410613809678787","236,83333333333331","2,0","9,69683638","5,284000000000002","13,156162191974401","0,1462426184","5,763477450213026","0,16319663999999995","28,3","23,2","43,672464613092345","126,14333333333332"
2017-1,SOMBRA,50,SCC83,"1,9270780915668129","4,659440382137147","257,6666666666667","2,0","11,72350872","5,284000000000002","13,156162191974401","0,1462426184","5,763477450213026","0,16319663999999995","28,3","23,2","43,672464613092345","147,44"
2017-1,SOMBRA,50,TSH565,"2,0130892692614943","4,323234934277282","223,83333333333331","2,0","8,702493800000001","5,284000000000002","13,156162191974401","0,1462426184","5,763477450213026","0,16319663999999995","28,3","23,2","43,672464613092345","184,3816666666667"
2017-2,SOMBRA,50,SCC19,"2,004644440195881","4,724390199653049","285,6666666666667","2,1666666666666665","10,87915136","5,284000000000002","13,156162191974401","0,1462426184","5,763477450213026","0,16319663999999995","28,3","23,2","43,672464613092345","153,762"
2015-2,SOMBRA,100,CCN51,"1,28","1,8228349853007504","239,5","2,333333333333333","7,6150027799999975","5,3900000000000015","10,96181036848245","0,23988809306666664","5,446322314737675","0,19163346666666664","27,3","28,2","46,5137104743083","154,64"
2015-2,SOMBRA,100,EET8,"0,81","2,1783216783216783","228,83333333333331","2,1666666666666665","9,47003904","5,3900000000000015","10,96181036848245","0,23988809306666664","5,446322314737675","0,19163346666666664","27,3","28,2","46,5137104743083","123,71"
2015-2,SOMBRA,100,ICS1,"0,9433333333333334","1,6626542532626984","223,66666666666663","2,6666666666666665","7,22523494","5,3900000000000015","10,96181036848245","0,23988809306666664","5,446322314737675","0,19163346666666664","27,3","28,2","46,5137104743083","120,56384615384614"
2015-2,SOMBRA,100,SCC19,"1,2466666666666668","2,238130931837791","278,5","2,5","10,862003460000002","5,3900000000000015","10,96181036848245","0,23988809306666664","5,446322314737675","0,19163346666666664","27,3","28,2","46,5137104743083","82,41384615384617"
2015-2,SOMBRA,100,SCC52,"1,163333333333333","2,893291539127721","271,1666666666667","2,833333333333333","10,4996199","5,3900000000000015","10,96181036848245","0,23988809306666664","5,446322314737675","0,19163346666666664","27,3","28,2","46,5137104743083","101,35133333333332"
2015-2,SOMBRA,100,SCC61,"0,8466666666666667","1,4935107376283847","276,1666666666667","2,5","11,5516632","5,3900000000000015","10,96181036848245","0,23988809306666664","5,446322314737675","0,19163346666666664","27,3","28,2","46,5137104743083","130,52"
2015-2,SOMBRA,100,SCC64,"1,0033333333333332","2,3692892023874124","273,8333333333333","2,6666666666666665","12,32954954","5,3900000000000015","10,96181036848245","0,23988809306666664","5,446322314737675","0,19163346666666664","27,3","28,2","46,5137104743083","42,88608695652174"
2015-2,SOMBRA,100,TSH565,"0,9266666666666666","1,550430317054358","211,83333333333331","2,333333333333333","6,7598854400000015","5,3900000000000015","10,96181036848245","0,23988809306666664","5,446322314737675","0,19163346666666664","27,3","28,2","46,5137104743083","96,01375"
2016-1,SOMBRA,100,CCN51,"1,0166666666666666","1,7629878403960972","271,3333333333333","2,0","9,22920922","5,3900000000000015","10,96181036848245","0,23988809306666664","5,446322314737675","0,19163346666666664","27,3","28,2","46,5137104743083","54,754"
2016-1,SOMBRA,100,EET8,"1,3","2,12360930287608","253,0","2,0","8,860045040000003","5,3900000000000015","10,96181036848245","0,23988809306666664","5,446322314737675","0,19163346666666664","27,3","28,2","46,5137104743083","110,854"
2016-1,SOMBRA,100,TSH565,"0,94","1,9714530361082083","219,66666666666663","2,0","7,14096152","5,3900000000000015","10,96181036848245","0,23988809306666664","5,446322314737675","0,19163346666666664","27,3","28,2","46,5137104743083","101,48"
2016-2,SOMBRA,100,CCN51,"1,0166666666666666","1,7629878403960972","281,5","2,0","9,45744646","5,3900000000000015","10,96181036848245","0,23988809306666664","5,446322314737675","0,19163346666666664","27,3","28,2","46,5137104743083","158,93400000000003"
2016-2,SOMBRA,100,EET8,"1,3","2,12360930287608","231,33333333333331","1,5","9,3526741","5,3900000000000015","10,96181036848245","0,23988809306666664","5,446322314737675","0,19163346666666664","27,3","28,2","46,5137104743083","101,8"
2016-2,SOMBRA,100,ICS1,"0,8633333333333333","2,3140532307198978","243,33333333333331","2,333333333333333","9,009401939999998","5,3900000000000015","10,96181036848245","0,23988809306666664","5,446322314737675","0,19163346666666664","27,3","28,2","46,5137104743083","125,54285714285713"
2016-2,SOMBRA,100,ICS95,"0,7066666666666667","1,529543294762144","267,5","1,6666666666666667","11,31549342","5,3900000000000015","10,96181036848245","0,23988809306666664","5,446322314737675","0,19163346666666664","27,3","28,2","46,5137104743083","65,89"
2016-2,SOMBRA,100,SCC19,"0,64","3,4785871535871533","271,0","2,0","11,86697512","5,3900000000000015","10,96181036848245","0,23988809306666664","5,446322314737675","0,19163346666666664","27,3","28,2","46,5137104743083","113,59363636363636"
2016-2,SOMBRA,100,SCC52,"0,7399999999999999","2,088804713804714","276,1666666666667","2,0","13,330306220000002","5,3900000000000015","10,96181036848245","0,23988809306666664","5,446322314737675","0,19163346666666664","27,3","28,2","46,5137104743083","102,14454545454548"
2016-2,SOMBRA,100,SCC64,"0,8666666666666667","2,0887730912171394","271,1666666666667","1,6666666666666667","9,659634599999999","5,3900000000000015","10,96181036848245","0,23988809306666664","5,446322314737675","0,19163346666666664","27,3","28,2","46,5137104743083","75,6622222222222"
2016-2,SOMBRA,100,SCC83,"0,8833333333333333","2,762264097584888","264,3333333333333","1,8333333333333333","12,60781676","5,3900000000000015","10,96181036848245","0,23988809306666664","5,446322314737675","0,19163346666666664","27,3","28,2","46,5137104743083","83,48857142857142"
2016-2,SOMBRA,100,TSH565,"0,94","1,9714530361082083","229,0","1,5","8,2682985","5,3900000000000015","10,96181036848245","0,23988809306666664","5,446322314737675","0,19163346666666664","27,3","28,2","46,5137104743083","121,0346153846154"
2017-1,SOMBRA,100,CCN51,"1,6737172140068803","4,845736374207807","276,8333333333333","2,1666666666666665","10,76765074","5,3900000000000015","10,96181036848245","0,23988809306666664","5,446322314737675","0,19163346666666664","27,3","28,2","46,5137104743083","159,715"
2017-1,SOMBRA,100,EET8,"2,3215774522497643","4,328254923338906","241,0","1,6666666666666667","10,77872488","5,3900000000000015","10,96181036848245","0,23988809306666664","5,446322314737675","0,19163346666666664","27,3","28,2","46,5137104743083","94,57"
2017-1,SOMBRA,100,ICS1,"3,312905908457123","3,293840690660726","270,5","2,333333333333333","10,10948554","5,3900000000000015","10,96181036848245","0,23988809306666664","5,446322314737675","0,19163346666666664","27,3","28,2","46,5137104743083","114,45"
2017-1,SOMBRA,100,ICS95,"1,6114852335936571","4,980122836366858","259,3333333333333","1,6666666666666667","12,120947300000001","5,3900000000000015","10,96181036848245","0,23988809306666664","5,446322314737675","0,19163346666666664","27,3","28,2","46,5137104743083","73,99666666666667"
2017-1,SOMBRA,100,SCC19,"2,493650084889359","3,5235699262456754","280,1666666666667","2,0","13,07282592","5,3900000000000015","10,96181036848245","0,23988809306666664","5,446322314737675","0,19163346666666664","27,3","28,2","46,5137104743083","148,47600000000003"
2017-1,SOMBRA,100,SCC64,"2,4943870475820145","3,867857598119398","237,83333333333331","1,8333333333333333","10,7924432","5,3900000000000015","10,96181036848245","0,23988809306666664","5,446322314737675","0,19163346666666664","27,3","28,2","46,5137104743083","131,775"
2017-1,SOMBRA,100,SCC83,"3,3683773111884587","3,1349715319049163","263,6666666666667","1,8333333333333333","13,069056000000002","5,3900000000000015","10,96181036848245","0,23988809306666664","5,446322314737675","0,19163346666666664","27,3","28,2","46,5137104743083","86,87"
2017-1,SOMBRA,100,TSH565,"1,8265568581555476","4,535047647825496","224,16666666666663","1,8333333333333333","9,42131806","5,3900000000000015","10,96181036848245","0,23988809306666664","5,446322314737675","0,19163346666666664","27,3","28,2","46,5137104743083","138,095"
2017-2,SOMBRA,100,CCN51,"1,6737172140068803","4,845736374207807","267,3333333333333","2,1666666666666665","11,54187188","5,3900000000000015","10,96181036848245","0,23988809306666664","5,446322314737675","0,19163346666666664","27,3","28,2","46,5137104743083","192,512"
2017-2,SOMBRA,100,SCC19,"2,493650084889359","3,5235699262456754","273,5","2,0","13,62922946","5,3900000000000015","10,96181036848245","0,23988809306666664","5,446322314737675","0,19163346666666664","27,3","28,2","46,5137104743083","136,22600000000003"
2015-2,SOMBRA,150,CCN51,"1,3233333333333337","2,532896651556856","250,5","2,5","9,7076749","5,242000000000001","9,221155675579038","0,26137749706666663","5,0761385742035845","0,19042784","37,0","24,2","43,43052051210167","114,83222222222223"
2015-2,SOMBRA,150,ICS1,"1,1133333333333333","2,4619708994708986","213,16666666666663","2,833333333333333","5,746510000000002","5,242000000000001","9,221155675579038","0,26137749706666663","5,0761385742035845","0,19042784","37,0","24,2","43,43052051210167","98,09"
2015-2,SOMBRA,150,ICS95,"1,5566666666666666","1,805212158527021","266,3333333333333","2,6666666666666665","12,64014906","5,242000000000001","9,221155675579038","0,26137749706666663","5,0761385742035845","0,19042784","37,0","24,2","43,43052051210167","79,715"
2015-2,SOMBRA,150,SCC19,"1,4566666666666668","1,8875138243751384","202,16666666666663","2,5","6,2890643200000005","5,242000000000001","9,221155675579038","0,26137749706666663","5,0761385742035845","0,19042784","37,0","24,2","43,43052051210167","115,658"
2015-2,SOMBRA,150,SCC61,"1,05","3,2385540152656036","238,5","2,333333333333333","7,954243220000001","5,242000000000001","9,221155675579038","0,26137749706666663","5,0761385742035845","0,19042784","37,0","24,2","43,43052051210167","136,185"
2015-2,SOMBRA,150,SCC64,"0,8933333333333334","3,3286591317359586","266,1666666666667","2,6666666666666665","10,589443479999998","5,242000000000001","9,221155675579038","0,26137749706666663","5,0761385742035845","0,19042784","37,0","24,2","43,43052051210167","63,655"
2015-2,SOMBRA,150,TSH565,"1,5633333333333332","1,3290298005597527","253,0","2,5","7,34393506","5,242000000000001","9,221155675579038","0,26137749706666663","5,0761385742035845","0,19042784","37,0","24,2","43,43052051210167","121,70125000000002"
2016-1,SOMBRA,150,ICS1,"0,9833333333333334","1,5702614379084965","233,83333333333331","2,6666666666666665","8,27481732","5,242000000000001","9,221155675579038","0,26137749706666663","5,0761385742035845","0,19042784","37,0","24,2","43,43052051210167","83,42"
2016-1,SOMBRA,150,ICS95,"0,7066666666666667","2,1300467909505163","292,0","2,1666666666666665","13,2205073","5,242000000000001","9,221155675579038","0,26137749706666663","5,0761385742035845","0,19042784","37,0","24,2","43,43052051210167","47,5"
2016-1,SOMBRA,150,TSH565,"0,9933333333333332","2,5875319451375343","253,5","2,0","9,2263556","5,242000000000001","9,221155675579038","0,26137749706666663","5,0761385742035845","0,19042784","37,0","24,2","43,43052051210167","90,425"
2016-2,SOMBRA,150,CCN51,"1,2733333333333332","2,305403103892612","270,1666666666667","2,0","11,16841418","5,242000000000001","9,221155675579038","0,26137749706666663","5,0761385742035845","0,19042784","37,0","24,2","43,43052051210167","171,30166666666662"
2016-2,SOMBRA,150,EET8,"1,05","1,7404201077583898","216,0","1,8333333333333333","6,915630259999998","5,242000000000001","9,221155675579038","0,26137749706666663","5,0761385742035845","0,19042784","37,0","24,2","43,43052051210167","171,29666666666662"
2016-2,SOMBRA,150,ICS1,"0,9833333333333334","1,5702614379084965","254,83333333333331","2,333333333333333","9,55651158","5,242000000000001","9,221155675579038","0,26137749706666663","5,0761385742035845","0,19042784","37,0","24,2","43,43052051210167","128,035"
2016-2,SOMBRA,150,ICS95,"0,7066666666666667","2,1300467909505163","290,5","1,6666666666666667","12,282006660000002","5,242000000000001","9,221155675579038","0,26137749706666663","5,0761385742035845","0,19042784","37,0","24,2","43,43052051210167","90,16"
2016-2,SOMBRA,150,SCC19,"0,94","1,0743625245182875","241,33333333333331","2,0","8,04555906","5,242000000000001","9,221155675579038","0,26137749706666663","5,0761385742035845","0,19042784","37,0","24,2","43,43052051210167","115,1375"
2016-2,SOMBRA,150,SCC52,"0,5833333333333334","2,922017359257049","265,6666666666667","2,0","9,61143722","5,242000000000001","9,221155675579038","0,26137749706666663","5,0761385742035845","0,19042784","37,0","24,2","43,43052051210167","167,66333333333333"
2016-2,SOMBRA,150,SCC64,"0,8899999999999999","3,398928235955839","260,6666666666667","2,1666666666666665","8,191800540000001","5,242000000000001","9,221155675579038","0,26137749706666663","5,0761385742035845","0,19042784","37,0","24,2","43,43052051210167","86,1375"
2016-2,SOMBRA,150,SCC83,"0,8433333333333333","1,8082269566307532","255,66666666666663","2,0","11,1259764","5,242000000000001","9,221155675579038","0,26137749706666663","5,0761385742035845","0,19042784","37,0","24,2","43,43052051210167","79,58999999999997"
2016-2,SOMBRA,150,TSH565,"0,9933333333333332","2,5875319451375343","242,83333333333331","1,8333333333333333","8,948638159999998","5,242000000000001","9,221155675579038","0,26137749706666663","5,0761385742035845","0,19042784","37,0","24,2","43,43052051210167","156,80333333333334"
2017-1,SOMBRA,150,CCN51,"1,7288796429026585","5,250022397490514","275,6666666666667","2,0","10,01049896","5,242000000000001","9,221155675579038","0,26137749706666663","5,0761385742035845","0,19042784","37,0","24,2","43,43052051210167","179,01181818181817"
2017-1,SOMBRA,150,EET8,"1,548163355432097","5,736903201962378","218,16666666666663","2,0","9,1825041","5,242000000000001","9,221155675579038","0,26137749706666663","5,0761385742035845","0,19042784","37,0","24,2","43,43052051210167","207,6"
2017-1,SOMBRA,150,ICS95,"2,09718026364298","4,6842430256691365","278,8333333333333","1,6666666666666667","11,34128072","5,242000000000001","9,221155675579038","0,26137749706666663","5,0761385742035845","0,19042784","37,0","24,2","43,43052051210167","103,715"
2017-1,SOMBRA,150,SCC19,"1,5802325708254632","6,452161022909388","243,5","2,0","21,84508942","5,242000000000001","9,221155675579038","0,26137749706666663","5,0761385742035845","0,19042784","37,0","24,2","43,43052051210167","172,96000000000004"
2017-1,SOMBRA,150,SCC52,"2,31722536757864","4,523900968884103","263,5","2,333333333333333","11,26137936","5,242000000000001","9,221155675579038","0,26137749706666663","5,0761385742035845","0,19042784","37,0","24,2","43,43052051210167","124,8225"
2017-1,SOMBRA,150,SCC61,"1,62006676404422","5,043358068041374","273,1666666666667","2,0","10,94109324","5,242000000000001","9,221155675579038","0,26137749706666663","5,0761385742035845","0,19042784","37,0","24,2","43,43052051210167","129,89"
2017-1,SOMBRA,150,SCC64,"1,8054538741734565","5,262763576359241","263,5","2,333333333333333","10,128361319999998","5,242000000000001","9,221155675579038","0,26137749706666663","5,0761385742035845","0,19042784","37,0","24,2","43,43052051210167","91,984"
2017-1,SOMBRA,150,TSH565,"2,104469643305039","4,308622600498066","242,0","1,8333333333333333","8,526721280000002","5,242000000000001","9,221155675579038","0,26137749706666663","5,0761385742035845","0,19042784","37,0","24,2","43,43052051210167","227,6"
2017-2,SOMBRA,150,CCN51,"1,7288796429026585","5,250022397490514","269,6666666666667","2,0","11,3990338","5,242000000000001","9,221155675579038","0,26137749706666663","5,0761385742035845","0,19042784","37,0","24,2","43,43052051210167","201,34"
2017-2,SOMBRA,150,TSH565,"2,104469643305039","4,308622600498066","236,16666666666663","1,8333333333333333","10,14896498","5,242000000000001","9,221155675579038","0,26137749706666663","5,0761385742035845","0,19042784","37,0","24,2","43,43052051210167","197,3"
