Comp1,Comp2,Comp3,Comp4,Comp5,Total
-1.6809718711764212,2.2774647066036895,-0.26963546493730056,1.6447672170029244,-1.2972588786020753,991.9875000000003
-2.7856561855451467,2.0167663799328848,-0.24656924178821807,1.9796930094595135,0.14146931673527402,540.5824999999999
-2.0228124257868236,1.9404752475159703,-0.5470835428109331,1.4488881055729603,0.13413838792378358,267.5333333333333
-2.837361348151532,2.4923219572654425,0.2612447778286068,2.98557810336182,-1.3196829545232673,1826.06375
-1.7580230439193145,2.4562542626931627,-0.13751430207223408,2.375133300101031,-0.7485385841976034,586.9635000000002
-2.0368328810091536,2.2872306027566074,-0.33077661927939916,2.0883631927205495,0.008465924579486327,456.07
-2.082383731641415,2.3105238526735628,-0.35408349779443604,1.9767136141330786,0.4726689734082565,354.47155555555565
-2.2218407505824946,2.0504276247267814,-0.28891868758192796,2.0616726036585598,0.20566189538694135,611.8900000000001
-2.9417848866879788,2.2849560402315188,-0.2582043278031956,2.3136560709684266,0.25701281849974994,2969.1525
-2.3343192528793275,2.5023848590348114,-0.02215197450468307,2.783811147774752,-0.9927687871522801,1889.8771428571426
-2.7485318953351023,2.349367747395865,-0.03077925514780689,2.695874242035386,-0.8330539914643497,200.78
-1.0978798830044119,2.332822212522939,-0.3383860574714118,1.7844493516574598,-0.9483173774093825,2379.259
-1.744194867758342,1.8741517037862563,-0.5111956126872325,1.9847885059367598,1.3579483927465303,1196.0601666666666
-3.138609660135965,2.108757708082485,-0.10029991433469766,2.453578738444741,0.010736749596923008,1209.21
-2.52425311321811,2.226042367077972,-0.23408500189419212,2.4335785889853074,0.05892094501979291,1661.88
-2.195979333266486,2.436850974370725,-0.9040154565472577,2.4494996114128984,2.3630497494705747,147.24166666666662
-1.5684204269154276,2.15304685390538,-1.5962594595575372,0.6046509863204527,1.6466459615167806,4119.119777777778
-2.386852012748117,2.6125205867389525,-0.7773771099912182,2.48266478016115,0.3504408325143677,317.676
-2.4156319965121904,2.4394920334001347,-1.1214371551597755,2.206592585743795,1.8729123079866277,170.79600000000005
-2.8837806659214427,2.593924137402597,-0.48406495347587086,3.4652564299963178,1.207956090736656,466.08
-2.2412615896939854,2.80513515163795,-0.7291709561473397,2.4550886828732614,0.04050297617996975,85.35
-3.4772542080274746,2.9488118706958906,-0.5416891354336749,3.0101358429908647,-0.3085058114413247,266.12
-2.418837985864443,2.4226771596821424,-1.017648124010867,2.303223997983969,1.379478853397793,69.67
-2.556376890823681,2.799000004020294,-0.642991416756468,2.6302284204902944,-0.2834819906748558,811.9793333333333
-1.7096550539619682,2.0998812607375705,-1.4724313320290365,0.650810253476832,1.2120393875383513,419.4996
-2.715866706029093,2.377966882432844,-0.8763054180449686,1.9886334120095521,0.6131683917464675,141.52499999999995
-2.009073793297893,2.6058346768360385,-0.8594328534334658,2.0115032442654983,-0.3712023173680694,621.1205
-1.861235004763253,2.654876189632871,-0.947301056273356,2.216668803988851,-0.01732798948720003,386.96
-3.00642808682025,2.6861991328238215,-0.8051650364407724,3.0703928047501403,1.2134212962934907,52.78
-3.7772715436755115,2.939899120729947,-0.3330947809390393,3.549809084578432,-0.7397759815985306,361.25
-2.569488477013556,2.6064574514326893,-0.510333078769752,3.681023634388222,1.7434063562216089,1888.7872
-3.173822364301497,2.762474040959693,-0.6432343795629093,2.844451091559075,0.12715900890670398,4071.006
-1.3902963410076647,-0.45483485372095295,2.4006304105839718,0.7644444441544653,0.866587955742676,2565.325333333333
-1.6861235455559862,-0.33019011830965433,2.6935964989825467,1.118747327975997,0.03540643301801951,3333.60375
-1.4356299195823,-0.5420411921607503,2.4674959542981507,0.816188474062484,0.39917906131894554,338.99
-1.602778546418239,-0.24354627548326865,2.728961807646779,1.2636304043568516,-0.7915976100766806,1898.81
-2.4017166423088687,0.1952607654382566,3.05975304762435,2.0423934094163374,-1.3617396594275464,1194.81
-2.1920714025489505,-0.465782914181971,2.4329558956759163,1.0562292731316538,0.8233132377231541,3456.16
-2.032303531860516,0.1569489719096629,3.460260557021198,3.2294842865238045,-0.7333235320087456,147.7715
-1.69427325505373,-0.011512102240842608,2.9270712100342093,1.7345295446239137,-1.5211607100082398,736.66
-1.8049495615182263,-0.4313391983372097,2.4085023733643727,0.9631915536671745,1.0059808052669388,95.259
-1.0331369927443088,-0.6297897802651581,2.270721557124254,0.6135287363741313,0.5443648023360373,1649.3270000000002
-2.126504048104802,-0.4987156939115094,2.570466182611623,1.1476237693287672,0.5335591656806504,2359.224666666666
-1.402247963002386,-0.2759381743969437,2.514375129101327,1.045716986995718,0.3857125419158119,2147.700888888889
-1.2378212173020537,-0.14092747921453605,2.8470896872519065,1.5907567378393426,-0.6546204057712113,1496.7371999999993
-1.6065725970127323,-0.4447941373060789,2.498334541403237,1.3682372696390217,1.380802430813989,851.7295833333333
-0.9891276145891197,0.5667193494024528,3.4965621505370734,2.692251313531864,-3.096979798189685,925.4580000000001
-1.574788028305668,-2.5615459776807246,-3.3120718794178856,-0.7769210165580042,0.08522607816670996,431.19
-4.038108247944511,-1.5786718924117296,-1.8082972361942764,2.3195409129651585,-2.775240563448567,278.57666666666665
-2.2218956966158867,-2.490377859933042,-2.9735250268138644,-0.2366706362128173,-0.6674594062853451,221.92
-1.4776316273287404,-3.0095023072786575,-3.611659477794601,-1.703003435602085,-0.014447256144850651,719.7049999999998
-3.290309180745949,-2.2817665952372677,-2.664188559297756,0.12957236480303835,-0.9561788116584062,71.19
-0.9914286330536775,-2.945625595418868,-3.79407199137245,-1.927875764092585,0.9512286390934058,1499.621666666667
-3.228943613729772,-2.089650227154172,-2.456081537499683,1.1384286286199696,-0.6987093599456093,570.4379999999999
-2.811651662912807,-2.25815431489863,-2.5777857720524997,0.24385440287237936,-1.7859738502600393,669.24
-1.6314633890546957,-2.731985087536771,-3.232740034978875,-1.3522451338195696,-0.9511989338980271,1622.64
-2.147194212524874,-2.617626081470012,-3.1437910608664166,-0.5407532042174633,-0.4655856151085188,159.17600000000004
-2.3098965688754447,-2.111602271401535,-2.705868526468248,0.08542007937917641,-1.9768827709630898,917.73
-3.0827193719009918,-1.9999977778560571,-2.3302088844611673,1.0193946965295924,-1.1273595589405472,3216.7383333333337
-2.5632526220467837,-2.2486194348889312,-2.7307605385067313,0.13720043682331712,-1.1763238403948555,425.985
-3.7075101483590016,-2.9367435133740396,1.07867708160814,1.8137591224519698,-1.6294779236893728,1935.9351666666666
-1.070177235068636,-3.9899726488329437,-0.28504166553108895,-1.6293493907028624,0.07320031156718704,942.095
-3.4434322413402816,-3.1185634131319313,0.9830413727355044,1.420869398667311,-1.323230194754286,73.01
-3.7025473442894627,-3.1931612139589802,0.9571872824453581,1.5188783560217387,-1.2789700928866532,259.49
-2.1368028794384304,-3.797098442093553,-0.23434359419933545,-1.2502104602841553,0.3836893075565018,1450.45
-1.943421327973029,-3.4793875045489866,0.26216949670517475,-0.3089233593077432,-0.6496146312759328,1226.0339999999999
-2.764845304998907,-3.5033177169993506,0.4443990388964498,0.30377311901791937,-0.5153942992900481,763.2066666666666
-1.821611250964875,-3.532767498278112,0.1048215650934766,0.07784485127981534,0.741297166977834,243.35
-2.2553776346611487,-3.6232615982895364,0.04464379348482143,-0.36040759803476097,0.32149162020854444,1319.0806666666667
-1.9390002304970355,-3.9047524252513117,-0.2266171431304447,-0.7242461010003681,0.5792653418698319,1816.8941666666665
-2.046701938262614,-3.8222108590339774,-0.054839940884056214,-0.5192959998067836,0.46669867052502295,2173.511111111111
-3.987382579214402,-2.9748624250145554,1.0851433371009265,1.6620972400351928,-1.5582094614396067,640.8933333333333
-2.886622976305894,-3.5919859817303372,0.3849257182248109,0.05421485146668641,-0.8022557560301679,280.84000000000003
-3.372032042256073,-3.268046128469283,0.5357181753607283,0.6963182108173298,-0.5108226118350703,1563.597777777778
-2.3702514438552216,-1.5148648342855675,0.24509070125587917,-0.4246969809839216,0.19029443644877994,364.69
-1.8277992452578333,-1.9833567483789118,-0.038579162780728725,-0.9172516014895565,1.264285725617731,895.6840000000002
-3.866259415509261,-1.1946328950298897,0.9024435479045111,1.1652992281066443,-0.3019354928810672,330.78
-1.7116699656929113,-2.1524448570216093,-0.24928417775144443,-1.703726716637792,0.22939638779132396,153.54
-2.1960405883827727,-1.6154138926375397,0.1605853556357986,-0.33088645889244717,0.5792259825236113,195.31333333333328
-2.5905288572626746,-1.208133862366004,0.7754733358991072,0.5975523655664874,-0.872261591416901,560.27
-3.282836627256176,-1.4971424426078987,0.5437212532395971,0.339364653912531,0.279509574691632,184.51
-2.208239341357591,-1.736237614985862,0.26594620348470865,-0.45159511296018384,1.0019255769428335,749.08
-2.7941474198563276,-1.020420278407561,1.0285660729311825,1.6196947929642154,0.5838771197758071,770.6775
-2.1536304776401227,-1.8284922088825497,0.107192383300371,-0.635781700239817,0.9883885634546165,451.975
-2.6589080154354323,-1.908058786879688,0.011115947203430818,-0.6913620942943141,0.9116144740573023,632.1400000000001
-3.9542429633924945,-1.0148971488128167,1.1100542291086983,1.5308118614126895,-0.7063595480774261,1526.7893333333334
-2.9288528709771895,-1.5141940700402001,0.5984110280679494,-0.14072838341122854,-0.8964373457367406,256.2925
-2.5258494844587287,-1.6992557028160662,0.02705930120998593,-0.6668613480311998,0.38729073003104003,1823.31
-1.828443557005205,2.12333013820679,-0.543212184900676,-1.405639635332153,0.3349614012588268,3680.74625
-1.959774420039919,2.093874220039626,-0.78907578250218,-1.6527043760437425,0.8115428688977551,2550.5199999999995
-2.2628661037591513,2.0220441433251244,-0.7689736568559674,-1.8756333506138567,0.7402254974450889,9857.247666666666
-1.7124771181470912,2.1119997150642904,-0.7298588947426689,-1.4953454005836258,0.7658606357485369,2039.89
-1.3106940019029343,2.109869266465279,-0.6473415710655409,-1.8374559881156556,-0.22995567931667882,3084.083333333334
-3.364698124943103,2.354600921271821,-0.3251288660077851,-0.37742594293259596,0.3890474137921798,525.5999999999998
-1.9909323487499697,2.1345686606166674,-0.5800449206319184,-1.2141540557567796,1.0864630125828125,4660.7225
-2.132163208500777,1.650074655325253,-1.1354305820063264,-2.4006811505689134,1.3452478671846146,2232.0016333333333
-1.468556962362685,1.613392649978519,-1.319175015614895,-2.4081425868084003,2.498427554476001,2089.1066666666666
-2.280546719287519,1.8804757778426167,-0.8077037129516454,-1.657855382699403,0.8308900670071269,638.6169333333332
-3.4143265389778206,2.5411089662491007,-0.17020944027759027,-0.24446672409186762,-0.04529357396522518,5534.77
-2.713087298790863,2.1865663318952886,-0.5177989963877897,-1.201889606400315,0.8959751812579132,3961.462
-2.4328254372565414,2.1248864303717863,-0.5615267560559388,-1.0701596402692233,0.8249050446493326,2249.6945
-2.900479477376201,2.14818079236432,-0.47345253958727496,-0.8811500435890325,1.0169884389155526,425.96
-2.5926731856498884,2.1237404068933188,-0.6327553486666688,-1.377372339993578,1.0545588021778813,2486.68425
-2.1112949592847414,2.400810647290959,-0.4980216703021404,-1.3546765206501128,0.45475427679054087,1063.414666666667
-2.383667611501593,2.0863878076828244,-0.6975677030801327,-1.558465176361496,0.7076526213251242,4349.5375
-2.286647211526429,2.241295501451136,-0.3364722056494186,-0.448275819846055,0.9951404058017481,1694.02
-2.7237376195812293,2.4581423378854574,-0.16016888380871172,-0.5446159274570105,-0.07198494991755702,3791.1504166666655
-2.5906418057654474,2.343366323868043,-0.25834098585092924,-0.8349778053779332,-0.3932656903839192,5726.788285714286
-2.221120080591541,2.15844974285644,-0.4646707987689504,-1.2213931598878678,0.22947119895639742,2882.7870000000007
-2.522370823844246,2.1004095439548682,-0.46868867471730413,-1.218930907760563,0.2830964639511206,1329.396
-2.3166024562523,2.4428160866056503,-0.2334687165748234,-0.22522327699784406,0.6180713100568128,5412.378000000001
-2.9220776423645667,2.1685398306568295,-0.43421146830106133,-0.929406986127406,0.3420477510932401,2418.42
-2.9560610572195563,2.4286948197597074,-0.2225756984281056,-0.6190780672270173,-0.3155698328796707,6204.352000000001
-3.0707652765565574,2.931854815999378,-0.9203835931280887,-0.3977777469782307,0.35658543693333183,4350.036666666666
-2.182191768780787,2.4545557059535947,-1.3556020963325515,-1.5619058584260639,1.2908621638510862,3490.4752500000004
-1.1141683879398048,2.1723643206325907,-1.9204344712812602,-2.7853025496568766,2.1704495193222493,5851.007555555555
-3.2061864043380237,2.8285166621785267,-0.8520336769522066,-0.468373749746852,0.0806998220192012,1726.4
-2.820797796537931,2.8454273686904874,-0.8730759853834111,-0.05046542963242361,1.323650668916891,1270.704
-3.1548401445299565,3.148175059371582,-0.612699192435069,0.14687567453558184,0.006425060273710938,227.78999999999996
-2.8011694464647587,2.7157822201794835,-1.0653399783061235,-1.0191092555763235,0.7384895543815467,1795.675
-2.1746611105710403,2.382409031150429,-1.5792370950484678,-1.6748922937135746,1.6250010334231604,1458.406
-3.222154776520861,2.6472053702545253,-1.0333018094488176,-0.8299403594751941,0.5983429423564982,1023.7499999999997
-2.0913288243934116,2.1564596883025935,-1.7231353340257687,-1.9907201756993187,1.822684203725044,1673.25
-3.0351138474492854,2.990602540335269,-0.5062279308366057,0.8894936291187423,0.4725017029371626,1928.94
-2.4658740426271475,2.664120982514963,-1.078222091744806,-0.7316442658893109,1.4358889476826313,2744.753
-3.360504306633612,3.005056325216401,-0.5767973785758301,0.2776277475757955,0.45993715863846146,4293.907333333334
-2.343162252794994,2.6047786790223157,-1.333473476625539,-0.8723803556197607,1.7015760520040724,1995.175
-2.6306724254140197,2.4713047884549173,-1.3374186136512982,-1.4386631062834703,1.1188634659393486,1292.085
-2.9380175412379947,2.7611311123905162,-1.1103927568302234,-0.6557265474985373,0.9798003078734192,1862.985
-2.2448310047765174,2.834743374538748,-1.0286645776600334,-1.0563333292593209,0.23000538707446957,4081.978666666667
-1.4799995825264205,2.216123545077057,-1.7369673878480676,-2.733923195899656,1.6216352949432529,1542.7588000000005
-3.5070692883970316,2.975832598026999,-0.6031475098037616,0.30660335997169413,0.31060942829683197,518.925
-1.921379363268625,2.471959007258814,-1.4005680880881666,-1.749347241185356,1.2466828280143538,6396.9485
-2.5474875681858142,2.635882759061979,-1.163847128306904,-1.1746970960779444,0.8528500184178046,3201.4459999999995
-3.2813060707382298,2.8474358047344204,-0.7411431950645759,0.5458293005180902,1.3306868193430754,998.9879999999997
-2.844799637025715,2.7099385899745423,-0.9713127072425323,-0.7164300865736336,0.17280102440483966,4701.254166666667
-3.435650320008959,3.047723451705785,-0.4946719885031942,0.5055937671755619,-0.3818516392770926,2466.2995
-2.7523942473864604,3.0162764504137263,-0.6687263989449058,0.40065928368270826,0.5296176029987779,2448.674
-3.5957406205937814,2.8584491180637333,-0.8346111195902005,-0.40435879430042276,-0.009906205269778675,10102.126
-1.1534887801808142,-0.276090081149794,2.4003417649734735,-1.9640688842707705,1.3211897474960805,9192.415777777778
-2.8001942755287605,0.1149423382531808,2.74179627588867,-0.7793960656561573,0.6358127513624827,1528.21375
-1.058724195199826,-0.5294211279435579,1.963384302680505,-3.103586646810825,0.7121538188718682,4651.1715
-2.020557157298909,-0.38454026767382965,2.291188861809556,-2.19477626315211,0.6139205588549014,1188.6666666666667
-3.066724768682186,0.2275853341754913,3.1296391125061804,0.12731547601496343,-0.0027776849738281604,1192.746
-1.479912959304464,-0.6008204941552524,1.92504895910985,-3.0925776556541043,1.1626585908296838,874.6800000000002
-3.5141229669073626,0.08486741703347041,2.9586585428002388,-0.49680877676890944,0.13650713657537739,2719.7046666666665
-2.8679831027315195,0.23221960632586333,2.9961965492923,-0.9856905637232543,-1.1067386105560946,1383.855
-1.2226830276008986,-0.6145853936563653,2.072972408114209,-2.4614103951234516,1.4936362154538756,3093.5825000000004
-2.473708889300361,-0.29977546090022106,2.583589198911321,-1.4323739270162217,0.3323382106891584,1323.4249999999995
-0.7914508237327275,-1.1325887404422592,1.4679045477228787,-4.066758329312812,2.2328736787461145,2465.2435
-3.0953269887069434,0.018203879565439084,2.7743215227717934,-1.0966650175961197,-0.2109096685716036,6060.3075
-2.672986400748846,-0.11956851905598746,2.5150495531150163,-1.4639735728349699,0.69080545038745,822.1833333333334
-0.9837159330667998,-0.5202086844370409,2.2061383277602227,-1.9495100053644616,2.1900218724142007,3400.428
-3.2681199164622607,0.018669440467297425,2.8802992528274682,-0.5557532931281739,0.5113247882234775,2319.981
-2.401174531666042,-0.3029502960905731,2.3428780299367338,-1.8760698156784845,0.7600064032156585,1185.27
-2.317204677015821,-0.08405077656909392,2.500074832909457,-1.7118858068096257,0.5221382988857517,1004.59
-1.3034871196798952,-0.25248205945382973,2.2601472307711394,-1.8444377087831156,1.940003508398583,7162.389333333333
-2.3434613722219737,-0.03147356958008516,2.665718265616157,-1.4848422664555685,1.0030375069579682,1090.49
-1.9145036786135026,-0.18411309928143207,2.5972937317390876,-1.5009470584537696,0.8971748102693496,7181.071
-1.5100983806424235,-0.32013565135486666,2.4490209833013643,-1.6114322565263879,1.3409214435646777,11619.936416666666
-1.673018760711075,-0.3895277244107336,2.1694591167729533,-2.295188869583991,0.9021902132349977,2239.6150000000007
-2.46793166303637,-0.3473019455642501,2.331417611418859,-2.103487725992941,0.5549511129797488,2736.111733333333
-1.7582805368730925,-0.10570531853920233,2.695822384913649,-1.0980306993144953,0.28655573387817906,3081.960625000001
-3.1483635842900424,-0.09987808325373997,2.772446536696598,-1.0341381557837164,0.1113345091869662,1035.6733333333334
-2.4357586733023027,0.07511929173169636,2.9383821676714463,-0.7124183906364575,0.2728055435487927,8431.159583333334
-3.329553322808688,0.30050663005021433,3.3271892480743297,0.4765995543986022,-0.1968442568461909,882.455
-2.396703110590793,-0.03169652270860127,2.706450852155209,-1.4833739366632992,-0.08662799821834885,1572.5370000000007
-0.12490778253428737,-2.3391796987308164,-3.113031860786689,-1.723743557498626,-1.091986573625282,2449.83
-1.3776634990545238,-1.6121625504401564,-2.193593058836197,0.5839442195376489,-2.4813382497919694,1588.9250000000004
0.32502020248876523,-2.233651304076485,-2.947252799168463,-1.231326676321457,-0.5160145962967891,865.9
0.056780253169401974,-2.163177030046169,-2.919010714870031,-1.1240617869773402,-1.1759118851759183,3260.4000000000005
-0.20197137436822957,-2.292101284995876,-3.0722534477117125,-1.2003013289655255,-0.8396963724206368,2884.96
-0.5538142269546581,-2.175843913032029,-2.975256206964853,-1.1552406415154897,-0.5889012322124065,3402.816
-1.223295400497646,-2.090247627314957,-2.7611892296841045,-0.670144850690153,-0.8064070423438873,759.615
0.3665615958310369,-2.3231436511639556,-3.177836825625885,-1.5684405645319215,-0.4270953674263629,4335.13
0.033221446192481165,-2.68851076739865,-3.408325504390411,-2.148604080922318,0.10817187552591974,6690.431999999999
0.5411633970750596,-2.5990774148944356,-3.419872287448831,-1.910976282154402,-0.07869908319721362,2364.745000000001
-1.0721633428029795,-1.9639424912080685,-2.572943402779453,-0.3731804755633354,-1.3128632246909335,2023.0624999999993
-0.7556571901048844,-2.125895381300051,-2.915101336153144,-0.7934993110443603,-1.0613624406153581,1351.5539999999999
-0.4027271293409381,-1.915645302519582,-2.720495812545341,-0.5986494924505407,-1.0266380968985809,467.96
-1.4074224238347521,-1.369365251576846,-2.099115397070093,0.7123788202923639,-2.7714337738077712,5438.4
0.17649938291945524,-2.7994736255861215,-3.6498751164128604,-2.97478425069166,-0.0491792053891799,4786.095
-1.7023237010480128,-1.7902690868802884,-2.5018070616512054,0.14221049617110607,-1.9463502903091152,2659.608
-1.5405068519311709,-1.976324672157778,-2.537379331328717,-0.29433363951016683,-1.7763868066758228,3744.096666666667
-0.04741682925729309,-2.7779160565693592,-3.3675629756151175,-2.55701342497396,-1.1953463903942108,3056.985
-1.3196224838904003,-1.6634254962189143,-2.2954386222194705,0.31220034710604655,-1.7996924943820227,681.37
-0.8678521683650928,-2.230270603509726,-2.9252975410604085,-1.2666688267461184,-1.3821616033818498,4377.340000000001
-0.4132359544661321,-2.031451495493963,-2.725329768212564,-0.6593377166494695,-1.4887802890020736,2920.05
-1.089357435080333,-1.7422461316376616,-2.4104416747293724,-0.19730477378810338,-2.4937357870690113,4336.027500000001
-1.9100350983870873,-1.469929119559236,-1.9292793595830278,1.2092453679488508,-2.625506189484884,4151.78
-1.5718653544531718,-2.114090116583441,-2.744855102623501,-0.6754073689864557,-1.0967460438873604,425.985
-0.6165750551124557,-3.4055158776205854,0.12638382806893675,-1.2516581298631033,-0.3664727583117581,4998.963916666667
-1.3522357021860818,-3.191134949620295,0.47932441364735334,-0.510022724184793,-1.054974618447065,3066.9259999999995
0.46532223442338677,-3.466466836338793,0.023980949902473996,-1.6720343932751527,-0.38644755211231857,1283.9500000000005
-0.3960393876722184,-2.7293210643926917,1.038065092403779,0.5561473280893225,-2.5122244184854114,1819.88
-1.3049428285629572,-3.048329227152236,0.7566717175948723,0.1949123903179749,-1.4984556570644985,997.686
-1.8839497290304192,-2.73756693982434,0.8688227181522907,0.8115523466961378,-1.3922520752627772,2415.1900000000005
-1.6764530369118786,-2.7207585105218857,1.011318133613719,0.9297051836648476,-1.7272387940673857,627.83
0.6803427290271028,-3.710710884967929,-0.27084379430633226,-2.378342867007182,-0.04349767672313305,3979.6140000000014
0.39874359208492965,-3.6484216781349845,-0.06182461371620303,-1.6434749559366484,-0.15051846821781595,2819.583333333333
-0.9034143767953453,-3.3993268704620583,0.15227531718776002,-1.058417588037775,-0.09175157327784754,4127.285999999999
-0.09359937222566884,-3.7735658088354445,-0.22702663348874128,-1.9924253661831766,-0.43366084850951336,4385.999583333333
-0.7590631785297395,-3.3636981134393076,0.23391129582994935,-0.9946337556055643,-1.0067121858407277,1709.5791666666669
0.16840054550668718,-3.362002031818114,0.05316729336015422,-1.253134179658422,-0.4599171502178182,1835.6000000000006
-0.1553047954301319,-4.01070754488287,-0.46049894197143654,-2.099730248234539,0.32963402915386936,1915.62
-0.7956138149088268,-3.635989870890185,-0.06715764666505587,-1.76790833550253,-0.12108538180483062,4916.555666666667
-2.2923821357075553,-2.796482559501567,1.094254354927447,1.120729330639837,-1.658422214715179,873.2805
0.24703916613453616,-3.510271761873652,0.07411919660628385,-1.4661748857065051,-0.7170437219575494,1268.8833333333334
0.43803692997174376,-3.4620904380832873,0.20507447321693548,-1.4301249569132835,-1.5868487761603653,4601.4766666666665
-0.15486117196317675,-3.442069857387373,-0.045203263680301385,-0.9768933285367553,0.3366029573223589,2405.42
-0.3247029573810012,-3.65892642945745,-0.028045790115503472,-1.5027425253572448,-0.36036842092416904,2760.16
-0.38801861276047384,-3.4298970832148896,0.264634133059484,-1.089386421394442,-1.2355401429714776,662.4000000000002
-1.4888378494332564,-2.8486081473543496,0.9888537164106043,0.7357209978678237,-1.6768874466511525,5107.326666666667
-1.384962738111466,-3.177179998625927,0.6198461113504782,-0.15309331929145092,-0.917694600609672,3874.400000000001
-0.08263102697062331,-2.8340043796810885,0.8246944825884185,-0.03777934930352388,-2.4403407657453573,7730.088888888889
-2.3528276045623246,-0.9643288414253319,0.9549351296620695,0.5291804463475308,-0.0656211917716435,3664.6463333333336
-0.024527967304569704,-1.4149545964762427,0.30052973485470436,-1.2924545148791793,0.04205086481597396,1094.07
-0.02646711412724641,-1.5371823507675486,0.1869939216729292,-1.4758153947834254,-0.2954340480975522,4838.666
-2.6224357917602186,-0.5263347240703928,1.5529952430089684,1.8529172081719754,-1.0033517902684916,191.79
-1.2924694047231768,-1.2115458045576664,0.664200342097362,-0.2567986354526718,-0.6315916192302028,3529.2
-1.36116088727341,-1.2682674364623965,0.6843821100492518,-0.5297559248431233,-0.9837810867678275,1932.6000000000006
-1.9183864366605643,-0.9276879957394609,0.7049570851908755,0.12207721836847833,0.0304378003015945,1196.1999999999996
-2.0833773415453907,-0.9968439562973238,0.8848185102896575,0.22530204982089788,-0.6823376032371632,496.17
-0.8526538548747012,-1.6645170599108279,0.08415603385960632,-1.4618306867086457,1.1823021162897185,855.0
-0.06287949720458776,-1.5572823012045234,0.13191899668007387,-1.76302556882093,0.04623161749704198,255.9
0.03997019218480261,-1.600158612061094,0.13967885531411486,-1.7443072502472763,-0.4349638964023159,1652.666666666666
-2.901438504430736,-0.7759993283557338,1.3143518313038576,1.79024017284179,0.42610126868654274,659.6625000000001
-1.3015457426374992,-1.118905020184668,0.732213731016141,-0.24646288084520454,-0.45227232961866726,3368.64
-0.5195123762386107,-1.3878428664422269,0.4509986834975493,-0.9894461524804574,-0.36180783747310064,5425.048888888888
-1.1360924574799744,-0.9077694176898671,1.054051662615749,1.0593453730291715,0.9763297771565069,1335.0233333333335
0.6886411809664882,-1.8111624864884532,-0.19706426361674476,-2.185498981434902,0.7375092484161414,767.4000000000003
-1.6468405179818233,-1.141100978022593,0.7297089714421103,-0.1642324100721663,-0.42750340832456435,3821.2
-1.1401227783697567,-0.8864600720622835,0.894013646717459,0.1862140713464808,0.36744229150769125,1321.02
-0.34132580324696155,-1.2615748553117474,0.4018496608096846,-1.2732043811105669,-0.8211227907748286,3932.67
-0.690210453826668,-0.5908464257811883,1.1703075202909725,1.0202127903473968,-0.4623612581189972,2867.2537500000008
-0.28286343152468946,-1.433937411537461,0.3024299811442489,-1.3468475059386467,-0.06577795241051977,2388.3
-0.7001143872727192,-1.338422500384205,0.3897918506644375,-0.8577613960715579,-0.7249514734336595,5081.1866666666665
-1.190855785853921,-0.7992155644001431,1.173472358252605,0.9429143176958326,-0.19506179394087458,1501.08
-0.45497127349603633,-1.313489586928253,0.5012064528559197,-0.5107226729353666,-0.36364956766012035,5727.12
-1.3527740601299774,-0.8375986958415116,1.0597758254652723,0.5867088320106787,-0.9650718533981684,5631.928000000001
-1.4580628669614513,-1.3189091162332327,0.5394512308950004,-0.7316590326323125,-0.5818228822059334,708.4175
-0.9741517130598062,-1.459104252056429,0.3245653632251503,-1.2697489470984233,-0.5601971571503687,3241.44
2.8147704991852605,2.5880288356514782,-0.4894736422536299,-1.0877689413287337,-0.17682610265174045,2886.645
2.881337059220485,2.7267954716632623,-0.5069612271052292,-1.1302486892744832,-0.14739580978382302,2272.785833333333
3.589856975948512,2.8857234250980954,-0.36126007163498147,-1.2640728064144493,-1.3661584246902985,4231.347
3.3084087579031674,2.6545040222631986,-0.7308195511705469,-1.5274527885427036,0.0682398586379268,745.09
2.673896125818063,2.423195933625091,-0.7092550991611904,-1.3140331098908449,0.3089108776732509,469.98666666666674
1.9779613010754005,2.7825814488615297,-0.3531347137399698,-0.6679449970912579,-0.9373198088989164,1512.621333333333
3.8388738147770196,2.9195639811157688,-0.4686813280088602,-1.055235655834626,-0.8122783657966233,816.8625
3.5469966483244355,2.2102652490343115,-1.0633067344069478,-2.0302332576897015,1.0023107497480888,2550.703333333333
4.2166963150904095,2.4390961107965397,-0.693484156038802,-2.036190479477664,-0.39963965462697915,1167.2399999999998
3.28678517458107,2.902959346717723,-0.25552284951057486,-0.5760567992409436,-1.7076767451905057,984.3130666666667
1.7914701417725163,2.8626449402129435,-0.12535587951718813,-0.052310586846924224,-0.36417704999629624,3240.99
1.4131005868933757,2.953295252073967,-0.08912984849436552,-0.06098342117887077,-0.7085228217537788,2931.08
0.7703991240720413,2.79630121902495,-0.07576325681550673,0.14846483854416176,0.32728617266514864,1197.01
2.5864381881003684,2.749964476946743,-0.34833519362241777,-0.9890152801952317,-0.3450970432609744,1664.356
3.6914248566134753,2.9154008126440507,-0.28274213888588906,-0.9187363997351392,-1.6758899779617367,1396.3745
1.9046232741591758,2.232718174852565,-1.0215660693913249,-1.601772818251151,1.2284038554872265,347.2800000000001
4.296005375326675,2.990718667806764,-0.41406384869104634,-1.30917052563633,-1.302434118435617,1788.93
4.154934578753545,3.3436360667728624,0.01330342239433104,-0.6922421602101334,-2.2341094057385895,8930.836
2.987098249185378,2.7621090470798224,-0.49307656297762115,-1.269351613445985,-0.04276270596312746,5946.0875
2.3356473752025835,2.910653910307348,-0.10408682552206268,-0.22114580423269706,-0.7702515051071878,387.43166666666673
2.19572179940603,3.1144445737524125,0.1611492824261156,0.037893939541487336,-1.9584266326639543,3139.8625
1.4570051049887303,2.6568997702325534,-0.2851208667764714,-0.30749052354262746,0.2305970118783149,1321.6491428571428
4.148428467695173,3.0479265804414695,-0.16494463939694104,-0.750964837814113,-2.113196824798362,1638.6800000000005
2.522478403007779,3.1225723981887175,0.0714645637664034,-0.1389764763367212,-1.6508120983426509,3109.647166666666
2.420240442502615,2.8874267710820627,-0.13606808319062097,-0.2074986077184426,-0.5208744906308841,5424.01
2.3033347910649553,3.2355103704552555,0.10065983328414367,0.020059033313761403,-1.9139024301959968,110.792
1.4171223029106823,3.4402519928587036,-0.6780336049490882,0.36976376266038763,-0.1573834530443203,1324.0099999999998
3.493765679509092,3.01717683996253,-1.3745475672657157,-1.4794546077285105,0.638463367137369,5076.755
4.791309476568769,3.3158927120115527,-1.2523364790392637,-1.9582593243238393,-1.5365774811440516,3095.8408888888894
2.1963473138947407,3.631810806423742,-0.5171745010235912,0.6378416394962231,-0.9530620083029578,617.7
2.9692811887594104,3.40162688782243,-0.83132454265553,-0.20620062640945533,-1.0191389013853736,647.4000000000002
2.5482083179210866,3.493301025624981,-0.8128027834950886,-0.11672895060169046,-0.6376112684151288,1111.866
3.499945349526578,3.489184704213838,-0.8879438193826255,-0.6544922849564222,-0.9665027498723525,227.78999999999996
3.655043906502183,3.4864739562105767,-0.8404302250631115,-0.7413372250345936,-0.5870872485820842,1026.1
3.1101043315555725,3.199061025803079,-1.0588462287106573,-0.7194969361549214,-0.09150697356628965,4549.524
2.7530208422327695,2.9913239998648637,-1.2193311940630183,-0.8781989574183677,0.7048950535394256,1060.6
3.423392523198931,2.912556034190492,-1.3819784389719547,-1.4060319763437923,0.3384158323165434,727.5
1.6991382285959027,3.7982509002572646,-0.22379253238196048,1.107461474490583,-2.2912988310202267,1300.81
2.9275646065909338,3.1805157717780324,-1.1230631463700482,-0.9820492229816731,0.010323521592641471,2715.8499999999995
1.5422214367489802,3.148815606358613,-0.8979235455973702,-0.05648400098016452,0.7003497721204709,581.1233333333333
2.9371443959617936,3.501315929655819,-0.7931074941935601,-0.35073329082815413,-1.2800144967969664,2539.5566666666664
3.344212718704688,3.222957356778041,-1.1006685409511787,-0.7008936503844035,-0.07470718286532865,739.336
3.3889868100970717,3.3156520930172473,-1.0869867470775583,-0.912112515017587,-0.02250016567499489,3194.0415000000007
3.456846447196749,2.7373843058446914,-1.6709106938624976,-2.2053970216628147,1.5902670678974282,4467.502
1.4006264531321326,3.9411442564594195,-0.02622638937778397,1.4270540487550785,-2.202827341580471,144.14999999999995
2.8759952798852133,2.981585744474555,-1.2697047536121133,-1.2229406393336009,0.8823283276407033,2488.7324166666667
3.128499998103938,3.352544867715738,-0.8210385589560791,-0.3965872668746801,-0.50312492227857,425.08999999999986
3.3067646652026492,4.078053366993872,-0.12507395539631316,0.7517882003244417,-3.7232053801305356,1012.21
3.209970650963398,3.5760483136308623,-0.5492710746753541,0.012812830845750071,-1.9066129123908562,430.32
2.4960800245025743,3.8852200415588882,-0.22296998249420433,0.7940584378628776,-2.529736569098978,1331.90225
3.7242238454863617,4.107746145560639,-0.1765581917881684,0.5527174467924215,-3.4930409971209047,5286.646500000002
2.4037367055488303,3.865724753567879,-0.3220924641549278,0.6931471713300845,-2.101842651110609,603.112
2.5601525889393573,3.170969679438401,-1.1159136353361914,-0.8917508694842424,0.12304289375288843,740.47
4.165858401299217,0.36149240554890777,2.4653502815361215,-2.1766736331442957,-0.3380221966952043,5735.251777777778
2.5637610970028812,0.7303694674385305,2.825500098692481,-0.6150158139459326,-0.5234302686965747,2835.488000000001
2.935554384504583,-0.16818249114319989,2.0226789657645665,-2.566761883938389,0.9742641336506956,3174.55625
3.972518095343433,0.49410752259462526,2.679460661264113,-1.4784649788074047,-1.1532024971565864,1620.58
1.9231253377114317,0.5043692894717297,2.948690742296501,-0.26933578595312874,-0.45203678978104556,2919.054
3.003810477694674,0.688137522735871,2.861318631643669,-0.5741189108730321,-0.7799385421285648,1225.381
2.2674074717728234,0.8388852611907576,3.1715808702425368,-0.14020157128045593,-1.2413642437804242,503.22
2.9556512316661716,-0.00796992590686898,2.3514066175431068,-1.879371016489527,0.7505422585748,3318.9300000000007
2.7582573271105195,0.49636466189350426,2.969007643937718,-0.642892453323969,-1.1450103136935208,827.9999999999999
3.989322742902701,-0.22734190209602984,2.0225515819410402,-2.93560836277758,0.5694391729471463,2660.052
2.937440610616496,0.7659520191614887,2.986851685087918,-0.4783163557092424,-0.9433804174395505,577.4825000000002
3.402407072664291,0.44869055254948603,2.761339145550702,-1.4053437254551506,-0.989923949169377,510.82
1.9547015274892503,0.05559023293328939,2.26605426395536,-1.7502132682340403,1.1648395629957566,1230.5133333333333
3.453322422037424,0.33292106766207963,2.5651367926495863,-1.6423505657021098,-0.3320995277796583,4878.08
3.6059379550853783,0.2942983895290041,2.494304761966847,-1.656605992370802,-0.5698848327679316,1084.7839999999999
3.3097260497479835,0.2680375182432037,2.540897802263452,-1.4236584667582501,-0.006448570111578336,327.21
3.1328785142377074,0.4769064295654247,2.54366909496715,-1.446987978326092,0.4174939532178299,3116.8779999999997
4.431525545894695,0.6202621562649188,2.4912525472079827,-1.9480279642362368,-0.934732515484966,2732.812
3.734235050267087,0.5761632677636729,2.680638534589718,-1.5681571172033653,-0.33346083386823383,408.58
3.5230186256424454,0.6333147451529162,2.8407385243504137,-1.1282747170686669,-1.4779351767371889,4469.760833333333
4.424715675560685,0.5482348175049818,2.699501342209075,-1.5347757281527037,-1.4100686694256146,1279.9820000000002
4.255173377969926,0.6281922625074047,2.7236162889598687,-1.4007765556170066,-1.288606066678768,1194.2900000000004
3.5947568205517886,0.8241315230155555,3.0549212899110767,-0.9023831497048169,-2.1518108325745584,4293.255666666666
3.0852291826813407,0.47845010095170365,2.7615180658382905,-1.1877053711035008,-1.5958667829209,423.825
3.443053059329161,1.3737270479650596,3.3729700431839125,0.06062857105305896,-3.0077124550371077,3445.554583333333
1.9730963169251383,1.1834165228686522,3.569950510680642,0.5958210882165724,-2.6952672472478967,925.59
1.5624216388110912,0.6026383790219869,2.947309735553575,-0.6233276096235222,-0.7715408845436562,1264.978
3.0716305464812006,-1.8758166791800914,-2.979255979513687,0.5979137594162272,1.5041616550202732,1672.57
2.301257019543333,-1.3632692957406485,-2.2408608427309082,2.2198375238201513,0.46166794495805813,264.3883333333333
4.57348531017176,-1.3369043373120564,-2.4365552766138276,1.1005966696010594,-0.29023883779759174,632.0124999999998
3.357720429162718,-1.8811732224057065,-2.972110168177983,0.807382054935586,1.6428562522404562,376.2000000000001
3.406492233240479,-1.2431042213669847,-2.3756376904313528,1.789567393690232,0.2377095019466059,3106.88
3.867331519615172,-1.3472292077350507,-2.472259446328282,1.2408218209351818,-0.4388064304328778,744.3660000000001
3.7885116369363456,-1.7255564899039901,-2.7913999283101707,0.9366984380454774,0.3818323667616041,4969.883
4.7129329406195595,-1.7924675224476199,-2.8114437399629755,0.5957249593521163,0.911300561917858,2508.9119999999994
3.808234349640081,-1.729942676368703,-2.649421838149499,1.1793103975733723,0.9688200952879823,1233.78
3.2765406808137434,-1.2904787853973398,-2.2979699898612695,1.6893167127474344,-0.30661519564119133,1055.5125
2.2141200476378313,-1.504729507919665,-2.4576010594048254,2.0602441475765834,2.085421665395652,1502.4050000000002
3.8463396078673573,-1.4246042566444221,-2.4298118294217415,1.4460451633829217,0.2692189159415312,557.2249999999998
3.042197848412251,-1.7957649265369702,-2.798661457272885,1.0093383644474314,1.4116323545251857,921.47
3.5233696811152635,-1.1481316431794972,-2.320792575936159,2.1773721794715755,0.9003323116438628,1730.4
4.656116376079669,-1.425068245633511,-2.7898629607242516,0.4263946078107522,0.30475153107853253,3992.64
1.647943441829074,-1.3057497936885822,-2.1845881441740933,2.4752281839378814,0.30192071617496274,585.9000000000002
1.7801330418187407,-1.1382662957218403,-1.8552872860851404,3.172696797451633,0.46435471962606484,2818.600000000001
3.3021734445307795,-1.194167889911803,-1.9271810696017548,2.0590337241539696,-0.968467464262213,806.4750000000001
2.4510347259187877,-1.3197184952065444,-2.2309263191986317,2.0811918308862607,0.33830629998471845,147.44
3.5515689296807564,-1.7084726527915086,-2.676092900766742,1.3353480130581221,1.2031064116039107,1750.9360000000006
3.4691760090202473,-1.3270005990913656,-2.280325081417812,2.0124650229983096,0.12541228042409477,2169.1800000000007
2.292846938388355,-1.293181926571308,-2.2459054013950577,2.1779764978452882,-0.007624688152658819,1061.09
2.7426492709290007,-0.8425411764328138,-1.6786481673871843,3.3547196001493242,-0.9345033141572011,3750.33
3.3585558772990245,-2.7558855675498126,0.4857763081164195,1.077113455613607,0.9121574166891234,1845.237583333333
3.2150960101098196,-2.748256862683507,0.4248671534472125,1.4241454351708032,1.8559056970347605,617.42
2.7344894812088922,-2.9528465818261926,0.41353636242447295,1.4110417622152787,2.612397805282215,533.65
2.4518106789480836,-2.3680007502271674,1.0512102833332646,2.352475601440088,-0.458809552298877,907.4866666666667
4.38687569440018,-2.295532199635238,0.8798135253502903,2.0160722490332126,-0.7320521513047987,332.56199999999995
3.4005237177788,-2.432010718997758,0.8751516392896683,2.237789966462501,0.36478334897061465,409.245
4.3890347609049245,-2.6474885489111792,0.2837699350971425,0.1230135924944024,0.17748678762802117,2987.307
2.9875732201065945,-3.2028786130139437,0.23610288117057696,0.5213427320599432,1.3478474993236778,591.96
3.367035459299472,-2.900575563606826,0.2926352158868192,0.7585153688180756,0.975636581556589,1264.322
4.0653797823499245,-2.9393960851911016,0.20370026298792754,0.603980116308035,0.8540317447502741,4129.964166666667
4.012012771318217,-2.7888105698850083,0.3853656706718929,0.9435079946097117,0.9018454881665388,1127.9916666666666
3.228837888727494,-3.080635738725281,0.20708041722357717,0.9386128647627745,1.8124197031754035,820.98
3.5744075026740965,-2.9870360936784004,0.1322889017263799,0.417281577450875,2.2278633765183207,3391.114666666667
1.5516739933249226,-2.2282755634388955,1.4268059275852918,3.2095196927686453,-1.021569936028059,1176.1455
3.938657908239048,-2.6704612344588687,0.5201895334161045,1.2218552171625174,0.3031104056257901,334.2633333333333
3.8940405490668373,-2.743764995973152,0.5180969860016977,1.3887366829812793,0.8285872076659654,263.55
4.1476809668726835,-2.5392811451200537,0.413337461049395,0.8670793502423191,-0.5416335349186148,413.525
4.112858708084194,-2.6809078476542503,0.6135806253300253,1.1737119436812324,-0.1790909805738258,2017.04
4.6838441952748955,-2.6988910131790167,0.5741954464147618,1.0034964355044322,-0.22132547265442856,1857.44
1.687683169315659,-2.4866968797733398,0.9737911997500929,2.561763814777705,0.6335288772586863,748.9433333333334
3.5484275578225795,-2.4414857597494386,0.9202805939285422,2.0867471249923266,0.05953076986828777,1271.4093333333335
2.3584941952656227,-2.675342932060045,0.755496393239801,2.187308776509295,1.518034090147713,2714.186666666667
2.3775873566540078,-0.4273750175044549,1.157046700024102,2.353529401704325,1.3496376675827608,1999.9866666666665
2.6129954127977655,-0.8439408559962222,0.7133521208703573,1.5008924655989226,2.619688655650009,243.12666666666664
4.333640706150601,-1.0857653953437472,0.20118394043699417,0.5360198773919168,2.660947127040662,5471.562
2.5652511956540955,-0.9893291518641008,0.542304696048703,1.7909962796262753,2.9799578382841916,3736.8
3.4217539185727444,-0.675509662620104,0.8054522472607022,1.771938485479598,1.3739943902921166,966.3
3.1154623466297617,-0.4342407507743013,0.7843495478197202,1.8364261019545605,1.8956754961995057,101.992
3.1806721279617824,-1.046619762004351,0.4142876581887362,0.649737277424228,2.2455470309531225,332.5
3.4333094072710506,-0.8795279032766951,0.72810898206493,1.4270188019300238,1.9177525400170108,1454.3199999999995
1.151617124693507,-0.20887141231403905,1.6915665116359284,4.619230554449686,3.30100757197235,653.24
3.944789606966046,-1.6581247619194717,-0.193363293280167,0.08879185167247476,2.457589992533717,1837.65
3.5280823969328954,-0.7442702735464037,0.6750235730548694,1.2268952781624203,1.392340830391386,3369.03
2.420716943003399,-0.39683708798734124,1.0483021775840842,2.2845916253901315,1.2075475787302627,410.97333333333336
4.389872561697455,-0.9886346590747197,0.2918471057123642,0.5463094188719813,1.6775808083977386,306.9600000000001
3.311183640407835,-0.6992539934593545,0.546435771288083,1.6222462180786712,2.0241029382382396,1719.54
3.1498793066652984,-0.47981666593853883,0.9628178741045753,1.980419234335377,2.671605927425357,864.99
3.497082182041205,-0.9055222750536412,0.45552113356476986,0.7771195670550013,2.1115397570847634,3745.4
2.27535935295301,-0.44910144303713534,1.1219092003389863,2.4643757267308906,1.4963787602535599,1690.43
2.556484118741675,-0.7961845093923622,0.7263662848431,1.8759548280318905,2.745818559660409,559.8249999999998
3.1071854999713477,-0.5170050553064082,0.8344586112638153,1.8524560920606759,1.2336874008283334,4318.32
2.2131422149938795,-0.503978654448612,1.1570683765408414,2.4181764784381454,1.17613199743052,75.054
2.82079768458601,-0.6580307430385387,0.8059858172288736,1.9780580335565643,1.2967097383310204,5113.5
1.1673744933176065,-0.31037387654496545,1.34629593815394,2.784376076545232,0.60420363407839,1871.0946666666666
3.7766872160650515,-0.5433856429682496,0.9851368242404709,1.7055820897317846,0.4416768011872857,202.59
